{
  "rank": 20,
  "metrics": {
    "mse": 0.6099024303908641,
    "rmse": 0.7809625025510918,
    "relative_error": 0.636742824761588,
    "variance_explained": 0.5938632959258113,
    "gene_sparsity": 0.1560011738237308,
    "sample_sparsity": 0.5125,
    "time_sparsity": 0.0125,
    "weight_max": 1.0,
    "weight_min": 1.0,
    "weight_ratio": 1.0,
    "weight_cv": 0.0,
    "converged": true,
    "n_iterations": 879.0,
    "final_loss": 705699.544694691
  },
  "tensor_shape": [
    10223,
    28,
    4
  ]
}