{
  "best_rank_by_error": 15,
  "best_error": 0.3603961933725283,
  "elbow_rank": 5,
  "suggested_rank": 5,
  "total_ranks_tested": 14,
  "analysis_date": "2025-10-15T19:11:15.197727"
}