{
  "rank": 45,
  "metrics": {
    "mse": 0.27132458116252695,
    "rmse": 0.5208882616862536,
    "relative_error": 0.42469627164917545,
    "variance_explained": 0.8193227947631401,
    "gene_sparsity": 0.3645896507874401,
    "sample_sparsity": 0.5365079365079365,
    "time_sparsity": 0.0,
    "weight_max": 1.0,
    "weight_min": 1.0,
    "weight_ratio": 1.0,
    "weight_cv": 0.0,
    "converged": true,
    "n_iterations": 2098.0,
    "final_loss": 319677.8818075841
  },
  "tensor_shape": [
    10223,
    28,
    4
  ]
}