{
  "timestamp": "2025-12-03T22:52:40.729637Z",
  "tensor_shape": [
    9800,
    30,
    4
  ],
  "n_components": 35,
  "model_converged": false,
  "final_loss": 313042.07407800894
}