{
  "rank": 12,
  "metrics": {
    "mse": 0.8037317926002767,
    "rmse": 0.8965108993204024,
    "relative_error": 0.7309529978687791,
    "variance_explained": 0.4647975877011997,
    "gene_sparsity": 0.10658156444618344,
    "sample_sparsity": 0.46130952380952384,
    "time_sparsity": 0.0,
    "weight_max": 1.0,
    "weight_min": 1.0,
    "weight_ratio": 1.0,
    "weight_cv": 0.0,
    "converged": true,
    "n_iterations": 452.0,
    "final_loss": 927944.9039329884
  },
  "tensor_shape": [
    10223,
    28,
    4
  ]
}