{
  "rank": 25,
  "fms_result": {
    "fms": 0.9059061989079815,
    "correlation": 0.811812397815963,
    "mse": 0.5120327488686248,
    "rmse": 0.7155646364016495,
    "mae": 0.5068783897784742,
    "r_squared": 0.6590285708676547,
    "success": true,
    "method": "reconstruction_correlation",
    "valid_elements": 1144976
  },
  "summary": {
    "rank": 25,
    "fms": 0.9059061989079815,
    "correlation": 0.811812397815963,
    "mse": 0.5120327488686248,
    "rmse": 0.7155646364016495,
    "mae": 0.5068783897784742,
    "r_squared": 0.6590285708676547,
    "success": true,
    "method": "reconstruction_correlation",
    "valid_elements": 1144976
  }
}