{
  "timestamp": "2025-11-16T01:23:18.593019",
  "random_state": 45,
  "ranks_tested": [
    5,
    8,
    10,
    12,
    15,
    20,
    25,
    35,
    45,
    55,
    65,
    75
  ],
  "total_runs": 12,
  "successful_runs": 12,
  "failed_runs": 0,
  "results": [
    {
      "rank": 5,
      "success": true,
      "metrics": {
        "mse": 1.103092017857571,
        "rmse": 1.050281875430387,
        "relative_error": 0.8563272192619663,
        "variance_explained": 0.26620590890838625,
        "gene_sparsity": 0.17605399589161694,
        "sample_sparsity": 0.4714285714285714,
        "time_sparsity": 0.0,
        "weight_max": 1.0,
        "weight_min": 1.0,
        "weight_ratio": 1.0,
        "weight_cv": 0.0,
        "converged": 1.0,
        "n_iterations": 183.0,
        "final_loss": 1267250.9750600187
      },
      "output_dir": "../output/13.00-multiomics-barnacle/random_state_45/rank_05",
      "has_loss_history": true
    },
    {
      "rank": 8,
      "success": true,
      "metrics": {
        "mse": 0.9591355651777451,
        "rmse": 0.9793546677163208,
        "relative_error": 0.7984980783688007,
        "variance_explained": 0.361299572613746,
        "gene_sparsity": 0.10703805145260686,
        "sample_sparsity": 0.4017857142857143,
        "time_sparsity": 0.0,
        "weight_max": 1.0,
        "weight_min": 1.0,
        "weight_ratio": 1.0,
        "weight_cv": 0.0,
        "converged": 1.0,
        "n_iterations": 324.0,
        "final_loss": 1104138.193338422
      },
      "output_dir": "../output/13.00-multiomics-barnacle/random_state_45/rank_08",
      "has_loss_history": true
    },
    {
      "rank": 10,
      "success": true,
      "metrics": {
        "mse": 0.8816746069089729,
        "rmse": 0.938975296218688,
        "relative_error": 0.7655755308898732,
        "variance_explained": 0.4128894065779749,
        "gene_sparsity": 0.11755844663992956,
        "sample_sparsity": 0.43214285714285716,
        "time_sparsity": 0.025,
        "weight_max": 1.0,
        "weight_min": 1.0,
        "weight_ratio": 1.0,
        "weight_cv": 0.0,
        "converged": 1.0,
        "n_iterations": 685.0,
        "final_loss": 1017736.6999546151
      },
      "output_dir": "../output/13.00-multiomics-barnacle/random_state_45/rank_10",
      "has_loss_history": true
    },
    {
      "rank": 12,
      "success": true,
      "metrics": {
        "mse": 0.8056326854999045,
        "rmse": 0.8975704348405782,
        "relative_error": 0.7318168698701213,
        "variance_explained": 0.46352172687062987,
        "gene_sparsity": 0.11198604454008934,
        "sample_sparsity": 0.4880952380952381,
        "time_sparsity": 0.0,
        "weight_max": 1.0,
        "weight_min": 1.0,
        "weight_ratio": 1.0,
        "weight_cv": 0.0,
        "converged": 1.0,
        "n_iterations": 496.0,
        "final_loss": 929883.2675936475
      },
      "output_dir": "../output/13.00-multiomics-barnacle/random_state_45/rank_12",
      "has_loss_history": true
    },
    {
      "rank": 15,
      "success": true,
      "metrics": {
        "mse": 0.7230280949681714,
        "rmse": 0.8503105873550978,
        "relative_error": 0.6932844580226803,
        "variance_explained": 0.5185327380366445,
        "gene_sparsity": 0.10636799373960677,
        "sample_sparsity": 0.4238095238095238,
        "time_sparsity": 0.0,
        "weight_max": 1.0,
        "weight_min": 1.0,
        "weight_ratio": 1.0,
        "weight_cv": 0.0,
        "converged": 1.0,
        "n_iterations": 1053.0,
        "final_loss": 836981.5621195894
      },
      "output_dir": "../output/13.00-multiomics-barnacle/random_state_45/rank_15",
      "has_loss_history": true
    },
    {
      "rank": 20,
      "success": true,
      "metrics": {
        "mse": 0.6086015289476794,
        "rmse": 0.7801291745266802,
        "relative_error": 0.6360633867111265,
        "variance_explained": 0.5947331527577403,
        "gene_sparsity": 0.14319182236134206,
        "sample_sparsity": 0.48392857142857143,
        "time_sparsity": 0.0,
        "weight_max": 1.0,
        "weight_min": 1.0,
        "weight_ratio": 1.0,
        "weight_cv": 0.0,
        "converged": 1.0,
        "n_iterations": 870.0,
        "final_loss": 704790.3305997427
      },
      "output_dir": "../output/13.00-multiomics-barnacle/random_state_45/rank_20",
      "has_loss_history": true
    },
    {
      "rank": 25,
      "success": true,
      "metrics": {
        "mse": 0.5124353574757465,
        "rmse": 0.7158459034427357,
        "relative_error": 0.5836512523497485,
        "variance_explained": 0.6587642112381316,
        "gene_sparsity": 0.2001878117969285,
        "sample_sparsity": 0.5014285714285714,
        "time_sparsity": 0.0,
        "weight_max": 1.0,
        "weight_min": 1.0,
        "weight_ratio": 1.0,
        "weight_cv": 0.0,
        "converged": 1.0,
        "n_iterations": 1557.0,
        "final_loss": 595111.3918362221
      },
      "output_dir": "../output/13.00-multiomics-barnacle/random_state_45/rank_25",
      "has_loss_history": true
    },
    {
      "rank": 35,
      "success": true,
      "metrics": {
        "mse": 0.37085855115991373,
        "rmse": 0.6089815688179026,
        "relative_error": 0.4965214630538379,
        "variance_explained": 0.7530454588040388,
        "gene_sparsity": 0.20076019060661535,
        "sample_sparsity": 0.49183673469387756,
        "time_sparsity": 0.0,
        "weight_max": 1.0,
        "weight_min": 1.0,
        "weight_ratio": 1.0,
        "weight_cv": 0.0,
        "converged": 1.0,
        "n_iterations": 1653.0,
        "final_loss": 434782.6621304587
      },
      "output_dir": "../output/13.00-multiomics-barnacle/random_state_45/rank_35",
      "has_loss_history": true
    },
    {
      "rank": 45,
      "success": true,
      "metrics": {
        "mse": 0.2710287669578443,
        "rmse": 0.5206042325585187,
        "relative_error": 0.42446469393767494,
        "variance_explained": 0.8195187959941267,
        "gene_sparsity": 0.4210853522014629,
        "sample_sparsity": 0.553968253968254,
        "time_sparsity": 0.0,
        "weight_max": 1.0,
        "weight_min": 1.0,
        "weight_ratio": 1.0,
        "weight_cv": 0.0,
        "converged": 1.0,
        "n_iterations": 2351.0,
        "final_loss": 318200.55115255964
      },
      "output_dir": "../output/13.00-multiomics-barnacle/random_state_45/rank_45",
      "has_loss_history": true
    },
    {
      "rank": 55,
      "success": true,
      "metrics": {
        "mse": 0.19347168110002363,
        "rmse": 0.439854158898178,
        "relative_error": 0.358626667356075,
        "variance_explained": 0.871164579775901,
        "gene_sparsity": 0.5539754386276934,
        "sample_sparsity": 0.5240259740259741,
        "time_sparsity": 0.0,
        "weight_max": 1.0,
        "weight_min": 1.0,
        "weight_ratio": 1.0,
        "weight_cv": 0.0,
        "converged": 1.0,
        "n_iterations": 3223.0,
        "final_loss": 229032.9486692822
      },
      "output_dir": "../output/13.00-multiomics-barnacle/random_state_45/rank_55",
      "has_loss_history": true
    },
    {
      "rank": 65,
      "success": true,
      "metrics": {
        "mse": 0.13907459791408064,
        "rmse": 0.37292706782168633,
        "relative_error": 0.30405894498027064,
        "variance_explained": 0.9073889546917706,
        "gene_sparsity": 0.6718831593917185,
        "sample_sparsity": 0.5357142857142857,
        "time_sparsity": 0.0,
        "weight_max": 1.0,
        "weight_min": 1.0,
        "weight_ratio": 1.0,
        "weight_cv": 0.0,
        "converged": 1.0,
        "n_iterations": 3280.0,
        "final_loss": 166411.42433372157
      },
      "output_dir": "../output/13.00-multiomics-barnacle/random_state_45/rank_65",
      "has_loss_history": true
    },
    {
      "rank": 75,
      "success": true,
      "metrics": {
        "mse": 0.09572153801671697,