OG,max_val
OG_03448,0.27421503713685463
OG_07074,0.1069725132999568
OG_08296,0.279799771941345
OG_08844,0.3872663190542556
