OG,max_val
OG_00567,0.14441781962139394
OG_06278,0.13369771868676925
OG_08550,0.10879827716060182
OG_08778,0.15203814854137737
OG_09838,0.1566058752340942
OG_10071,0.15131024256401027
