OG,max_val
OG_04377,0.16405196065749394
OG_05577,0.21645798956986137
