OG,max_val
OG_03941,0.5134114253291884
OG_06103,0.5681036203505645
OG_08405,0.4830298433707877
OG_09382,0.17203566809729995
