OG,max_val
OG_01576,1.054237217958551
OG_01645,1.038521139147323
OG_01897,1.1490870207432828
OG_02805,1.1772624657373374
OG_02998,1.098917453467866
OG_03558,1.002004442710411
OG_06132,1.1738075426674242
OG_06998,1.025844857286215
OG_08098,1.4034946110317943
OG_08355,1.1814882286721695
OG_08984,1.091539177610362
OG_09472,1.201364721927228
