OG,max_val
OG_00163,1.126282313822893
OG_01642,1.2044834729632767
OG_02012,1.1005927717735524
OG_03250,1.2862941044878178
OG_06279,1.170547297433619
OG_06842,1.0862392455190306
OG_07659,1.2261001617173402
OG_08557,1.032235933790904
OG_09443,1.0885692978203385
