OG,max_val
OG_00517,0.33268309030909743
OG_02988,0.22046814389534183
OG_06306,0.1700540058279453
OG_07637,0.2455415894356802
OG_08099,0.2731019748217565
