OG,max_val
OG_01330,0.2866410559588746
OG_07848,0.15160295476486382
