OG,max_val
OG_00074,1.1434573914385526
OG_02040,1.138202009889675
OG_03299,1.040476282694225
OG_03337,1.2598070678226845
OG_03709,1.0045803059789291
OG_04288,1.0541222229391345
OG_05395,1.8069347612000608
OG_07251,1.4243648535589355
OG_07749,1.216871096583041
OG_08089,1.443152212351667
OG_09650,1.3412766617073466
