OG,max_val
OG_00163,1.3864916700619074
OG_06103,1.1188784186355445
OG_06416,1.1709039741330116
OG_06678,1.126966453314327
OG_06842,1.2811444490831807
OG_07659,1.2195775686770831
OG_08647,1.2611111308772776
OG_09075,1.5117634165240852
OG_09443,1.4353750055623908
