OG,max_val
OG_01095,1.2904206282273707
OG_01190,1.1577637549710191
OG_02637,1.0387219035818578
OG_02907,1.00859536882225
OG_03116,1.0299598398102157
OG_05440,1.135598808446432
OG_06157,1.1349452312129809
OG_06271,1.458166499956804
OG_06417,1.8529074208481335
OG_07121,1.154188970352359
OG_07200,1.3542229909087031
OG_08265,1.1574391607106649
OG_08614,1.2066660529015931
OG_08984,1.1838772939524962
OG_09443,1.3899711539849304
OG_10182,1.1830434126487115
OG_10207,1.1865180965182445
