OG,max_val
OG_03671,1.133737949464969
OG_03743,1.0063004600070378
