OG,max_val
OG_00812,0.10132204986592629
OG_05953,0.1076345397701857
