OG,max_val
OG_04430,0.12796428056991724
OG_06278,0.10895664558550516
