OG,max_val
OG_01596,0.6550343372652575
OG_05594,0.31441312280151257
OG_09993,0.22881994585234497
