OG,max_val
OG_01306,0.23888318490527155
OG_01707,0.33628343627170243
OG_06278,0.1804144222195017
OG_06611,0.3826847668682417
