OG,max_val
OG_04648,0.1965307483089898
OG_07552,0.16959309298942218
