OG,max_val
OG_00071,0.27361857573709575
OG_01265,0.5019446176232809
OG_02855,0.5581720701103401
OG_02891,0.5452121741838774
OG_03852,0.20152606297906173
OG_07081,0.4780989704664691
OG_07200,0.5958218566696072
OG_07486,0.45387434604404
OG_07880,0.5979686221587807
OG_08474,0.22229771348580343
OG_08790,0.40884379668580895
OG_09291,0.13596377421212927
