OG,max_val
OG_01295,0.4956620676760551
OG_02331,0.4689186009541768
OG_07585,0.3505882703719914
OG_08517,0.46004459043589585
