OG,max_val
OG_02595,0.20543157768091191
OG_03725,0.18364526720500607
