OG,max_val
OG_00012,0.28302369271677197
OG_04067,0.3510687357813597
OG_05714,0.2283186375986295
OG_06447,0.4008058331506502
