OG,max_val
OG_01944,0.06099375243513835
OG_02577,0.19563331620017424
OG_06547,0.24672034428868064
