OG,max_val
OG_00102,0.2759580874264473
OG_01390,0.5189389164962666
OG_01456,0.4209056758491913
OG_02474,0.46656103427135126
OG_02734,0.615820516469299
OG_02762,0.5716641285263857
OG_04633,0.5915226556063662
OG_05470,0.43580758670114456
OG_05790,0.5303828258659478
OG_07364,0.32284411886173275
OG_07978,0.46296476960409905
OG_08400,0.5852974474027289
OG_08647,0.6859594785479846
OG_09390,0.4998588571737996
