OG,max_val
OG_00665,0.1361211855897423
OG_01472,0.737119161354033
OG_02139,0.27949422062948187
OG_03182,0.18166578369360747
OG_05229,0.5769404675624951
OG_06562,0.361596225587472
OG_06639,0.32588993327793525
OG_06809,0.37801296450407
OG_06906,0.1659497381885328
OG_08743,0.31193552778053507
