OG,max_val
OG_01739,0.20125217317158192
OG_03779,0.3687741665449854
OG_04967,0.20079979215267435
OG_06276,0.32296114618163413
OG_06493,0.1293734730851363
OG_06574,0.18029895058524745
OG_08384,0.2952068643154695
OG_09597,0.46262665792315294
OG_09728,0.3445627433152896
OG_10090,0.22083417682595824
