OG,max_val
OG_01189,0.28830734127488394
OG_01218,0.2703521368704284
OG_01604,0.26507934924053567
OG_02328,0.2717012405753394
OG_02379,0.2344920237027569
OG_05282,0.3484499965071078
OG_07148,0.21263029880070863
OG_07521,0.3753210150876542
OG_07613,0.3168538659286348
OG_08821,0.28888056204950946
