OG,max_val
OG_01093,0.4781401227173194
OG_02607,0.3827001451500571
OG_02729,0.22120104814110228
OG_05491,0.2202044266254227
OG_06007,0.6443558747345146
OG_07041,0.3665921304244887
OG_07824,0.33328928913170086
