OG,max_val
OG_00071,0.34198814458003773
OG_00581,0.41697935600227887
OG_02735,0.2987117337598006
OG_05401,0.34580394828978733
OG_05430,0.4095940354874171
OG_05823,0.2980232028112963
OG_09639,0.35428428671216583
