OG,max_val
OG_02515,0.14521888279345435
OG_05449,0.17820853893484848
OG_10218,0.1986776385135877
