OG,max_val
OG_05935,0.1505953630198232
OG_07349,0.29196922002892484
OG_09811,0.28197407615130793
