OG,max_val
OG_01329,0.2725093865757229
OG_08678,0.3046599150687792
