OG,max_val
OG_00178,0.43272017287326103
OG_01729,0.3850246144464533
OG_02130,0.1248914543199644
OG_02242,0.392460400588388
OG_02744,0.450510628986782
OG_03224,0.28989713704412645
OG_04287,0.31155589201202183
OG_04706,0.1959253225727006
OG_05521,0.19184414417267104
OG_06316,0.32180048931915284
OG_06835,0.3702935484704703
OG_07576,0.13802617110082144
OG_07726,0.1904501148381284
OG_08728,0.3819486751099009
