OG,max_val
OG_03671,1.0271938080094096
OG_03932,1.0324881504252956
