OG,max_val
OG_01016,0.2239968354577587
OG_01401,0.151259160245899
OG_01976,0.08792825188373216
OG_03552,0.1747641015661732
OG_04027,0.19473252988850284
OG_07458,0.2025984802632167
OG_07473,0.18365860155919023
