OG,max_val
OG_01689,0.432417207499748
OG_02916,0.3123454921949605
OG_06716,0.3537917612486637
OG_08117,0.2949017621280641
OG_08744,0.3697909280186001
OG_09728,0.4038075791648527
OG_09966,0.2668124902028317
