OG,max_val
OG_07191,1.0160864546179238
OG_07286,1.1155343430165785
OG_08097,1.0584707440129162
