OG,max_val
OG_00386,1.1670018555842006
OG_01275,1.2326503345333883
OG_09091,1.0040279151693632
OG_10181,1.0256697098959928
