OG,max_val
OG_01295,0.2430776349113757
OG_08517,0.24070069886138168
OG_09902,0.29705934647776966
