OG,max_val
OG_01252,0.27380308780643076
OG_02020,0.0988319719840514
OG_03670,0.2697207487398556
OG_03844,0.1048502894554762
OG_04677,0.5823073162099084
OG_04783,0.263870928190638
OG_05883,0.37783690700509975
OG_06243,0.28342515890711545
OG_06423,0.31923847979081027
OG_07361,0.4597951167941535
OG_08245,0.4240751750879304
OG_09370,0.06029566716166319
OG_10107,0.29854386551480105
