OG,max_val
OG_00963,0.17468882689580623
OG_07976,0.19972570722078495
OG_08994,0.18857091513804344
