OG,max_val
OG_01396,0.8564524278861624
OG_01995,0.872043154694939
OG_06002,0.1763967004938432
