OG,max_val
OG_03859,0.12188874496329194
OG_04815,0.3332100716622939
OG_08897,0.2755578347173708
OG_09135,0.1990312511091342
