OG,max_val
OG_00163,1.171270505965907
OG_06782,1.0011449691723813
