OG,max_val
OG_07430,1.0459569280645784
OG_08611,1.0051670452054198
