OG,max_val
OG_00177,0.2775993193922328
OG_03571,0.2924436172219129
OG_08067,0.2287797463493856
OG_09158,0.29284265988152886
OG_09954,0.2745434063813645
OG_10016,0.29870555475038923
