OG,max_val
OG_00564,0.28594524711937724
OG_02597,0.21850493348609523
OG_03378,0.2814105201455241
OG_07403,0.3752047899816245
OG_07610,0.3194182630802591
OG_08305,0.3436274205655807
OG_09147,0.22942340020603424
OG_09370,0.17079304900576175
OG_09881,0.5308000254680344
