OG,max_val
OG_01590,0.15681808891944207
OG_02328,0.17328009477832834
OG_02550,0.5324807561543312
OG_05107,0.2110270733436027
OG_05377,0.3255838476245687
OG_06174,0.4021417393259887
OG_07478,0.2019118174140608
OG_07848,0.3570562563400419
OG_08645,0.4115385134256001
OG_08886,0.3757537999577738
OG_08941,0.1775469774375984
OG_09894,0.21718278285623208
