OG,max_val
OG_06414,0.3315043116737439
OG_07254,0.41249612313205586
