OG,max_val
OG_06527,0.17326212213424655
OG_09213,0.26058378929476345
