OG,max_val
OG_06761,0.3659278833941087
OG_09154,0.21256278113953472
