OG,max_val
OG_07128,0.313039589610861
OG_09567,0.16363382855944084
