OG,max_val
OG_09295,0.7148236048355122
OG_09944,0.6586207983417234
