OG,max_val
OG_03452,1.1934434708762074
OG_04858,1.0484886967477327
OG_06522,1.2728771649387458
OG_06556,1.2175172046535248
OG_07696,1.0005753386249057
OG_07764,1.1159741730490809
OG_08020,1.2003385445928303
OG_09562,1.0135771156107063
