OG,max_val
OG_06678,1.1050165807698122
OG_09443,1.2605659953563828
