OG,max_val
OG_00295,0.4798459560871355
OG_01742,0.44736821980147584
OG_02463,0.33939111784985887
OG_02682,0.38956365760880246
OG_04778,0.5606591301516884
OG_05111,0.12336976159198498
OG_05490,0.07813868140006085
OG_08138,0.35422650408378803
