OG,max_val
OG_00163,1.027720596979405
OG_03084,1.0952669623637463
