OG,max_val
OG_09540,1.406440830449977
OG_09694,1.2176385306898714
