OG,max_val
OG_03323,0.3026112217746338
OG_03742,0.18310728752986763
OG_05353,0.36321171704925503
OG_06791,0.0945277932319737
OG_09008,0.2443354775004278
