OG,max_val
OG_00396,0.33135235303013644
OG_04773,0.40712983031686206
OG_08465,0.15236064273268482
