OG,max_val
OG_01464,0.4385134304342062
OG_02340,0.3656670991455193
OG_02566,0.24023366759339088
OG_05113,0.2977114950634356
OG_05627,0.39752549024469497
OG_07826,0.2513709475280994
