OG,max_val
OG_00737,0.2566832636060053
OG_01150,0.4200436579896965
OG_05711,0.35203691124415387
OG_06444,0.3841081821426223
OG_07630,0.5700305945862933
OG_08261,0.5410392517866269
