OG,max_val
OG_04468,0.16543617879455988
OG_08138,0.13293949691854126
