OG,max_val
OG_02553,0.15720697889178842
OG_03467,0.20853521238998193
OG_04605,0.1649957792951787
OG_05231,0.2505205338536169
OG_06259,0.25492353301803466
OG_06611,0.2114221946817043
OG_06645,0.17667773933284434
OG_06857,0.2290834361200323
OG_08280,0.15788860129090457
OG_08289,0.24442467615762528
OG_08418,0.19394356859157996
OG_09374,0.22050175339949363
OG_09752,0.22730403675357008
