OG,max_val
OG_05307,0.33471671314649737
OG_08909,0.4135199416637976
