OG,max_val
OG_00966,0.4869888047265444
OG_01252,0.37750878671493937
OG_01482,0.3712199913272401
OG_01483,0.7139912598569323
OG_02466,0.2358487509903041
