OG,max_val
OG_03853,0.20577059178723683
OG_05420,0.2145950039785223
