OG,max_val
OG_02748,1.2018104714339195
OG_03299,1.0519633904289578
OG_05232,1.091660546872888
OG_05808,1.229429287899131
