OG,max_val
OG_06194,0.2637994203436992
OG_09769,0.23845284587276735
