OG,max_val
OG_00226,0.09891966786821722
OG_00762,0.2560489240128001
OG_03728,0.2070773042791488
OG_06055,0.0913758554351134
