OG,max_val
OG_00952,1.0034707606487658
OG_01095,1.2100939775631785
OG_02929,1.310116064917877
OG_06199,1.0017574838457508
