OG,max_val
OG_00356,0.47536728140509615
OG_06243,0.34457300754893516
