{
  "timestamp": "2025-11-05T03:12:58.419824Z",
  "tensor_shape": [
    9800,
    30,
    4
  ],
  "n_components": 35,
  "model_converged": false,
  "final_loss": 194445.0141941074
}