{
  "rank": 55,
  "metrics": {
    "mse": 0.19361463623636027,
    "rmse": 0.44001663177243683,
    "relative_error": 0.3587591365035241,
    "variance_explained": 0.8710697154512352,
    "gene_sparsity": 0.4907792588903809,
    "sample_sparsity": 0.5272727272727272,
    "time_sparsity": 0.013636363636363636,
    "weight_max": 1.0,
    "weight_min": 1.0,
    "weight_ratio": 1.0,
    "weight_cv": 0.0,
    "converged": true,
    "n_iterations": 3453.0,
    "final_loss": 230052.52739834675
  },
  "tensor_shape": [
    10223,
    28,
    4
  ]
}