{
  "timestamp": "2025-10-11T20:39:46.115288Z",
  "tensor_shape": [
    10223,
    30,
    4
  ],
  "n_components": 5,
  "model_converged": false,
  "final_loss": 850174.8528270767
}