{
  "timestamp": "2025-11-15T06:14:49.853255",
  "random_state": 42,
  "ranks_tested": [
    5,
    8,
    10,
    12,
    15,
    20,
    25,
    35,
    45,
    55,
    65,
    75
  ],
  "total_runs": 12,
  "successful_runs": 12,
  "failed_runs": 0,
  "results": [
    {
      "rank": 5,
      "success": true,
      "metrics": {
        "mse": 1.1004782991081188,
        "rmse": 1.0490368435417885,
        "relative_error": 0.8553121063479984,
        "variance_explained": 0.2676498201534545,
        "gene_sparsity": 0.18534676709380807,
        "sample_sparsity": 0.4642857142857143,
        "time_sparsity": 0.0,
        "weight_max": 1.0,
        "weight_min": 1.0,
        "weight_ratio": 1.0,
        "weight_cv": 0.0,
        "converged": 1.0,
        "n_iterations": 335.0,
        "final_loss": 1264442.2812709138
      },
      "output_dir": "../output/13.00-multiomics-barnacle/random_state_42/rank_05",
      "has_loss_history": true
    },
    {
      "rank": 8,
      "success": true,
      "metrics": {
        "mse": 0.9564110885797688,
        "rmse": 0.9779627235123887,
        "relative_error": 0.7973631833111927,
        "variance_explained": 0.363113709599442,
        "gene_sparsity": 0.13533209429717305,
        "sample_sparsity": 0.4642857142857143,
        "time_sparsity": 0.0,
        "weight_max": 1.0,
        "weight_min": 1.0,
        "weight_ratio": 1.0,
        "weight_cv": 0.0,
        "converged": 1.0,
        "n_iterations": 376.0,
        "final_loss": 1100648.0945366095
      },
      "output_dir": "../output/13.00-multiomics-barnacle/random_state_42/rank_08",
      "has_loss_history": true
    },
    {
      "rank": 10,
      "success": true,
      "metrics": {
        "mse": 0.8823183472966831,
        "rmse": 0.9393180224485651,
        "relative_error": 0.7658549661598372,
        "variance_explained": 0.41246672652342087,
        "gene_sparsity": 0.13760148684339235,
        "sample_sparsity": 0.4857142857142857,
        "time_sparsity": 0.0,
        "weight_max": 1.0,
        "weight_min": 1.0,
        "weight_ratio": 1.0,
        "weight_cv": 0.0,
        "converged": 1.0,
        "n_iterations": 1118.0,
        "final_loss": 1016125.7361947389
      },
      "output_dir": "../output/13.00-multiomics-barnacle/random_state_42/rank_10",
      "has_loss_history": true
    },
    {
      "rank": 12,
      "success": true,
      "metrics": {
        "mse": 0.8143136561822248,
        "rmse": 0.9023932935157624,
        "relative_error": 0.7357490953562761,
        "variance_explained": 0.45777342457925274,
        "gene_sparsity": 0.1479099416348756,
        "sample_sparsity": 0.4494047619047619,
        "time_sparsity": 0.0,
        "weight_max": 1.0,
        "weight_min": 1.0,
        "weight_ratio": 1.0,
        "weight_cv": 0.0,
        "converged": 1.0,
        "n_iterations": 770.0,
        "final_loss": 939315.6856142763
      },
      "output_dir": "../output/13.00-multiomics-barnacle/random_state_42/rank_12",
      "has_loss_history": true
    },
    {
      "rank": 15,
      "success": true,
      "metrics": {
        "mse": 0.7167079833724963,
        "rmse": 0.846586075583869,
        "relative_error": 0.6902477486565801,
        "variance_explained": 0.5227496323121121,
        "gene_sparsity": 0.12297759953047051,
        "sample_sparsity": 0.5404761904761904,
        "time_sparsity": 0.0,
        "weight_max": 1.0,
        "weight_min": 1.0,
        "weight_ratio": 1.0,
        "weight_cv": 0.0,
        "converged": 1.0,
        "n_iterations": 689.0,
        "final_loss": 829409.7110548785
      },
      "output_dir": "../output/13.00-multiomics-barnacle/random_state_42/rank_15",
      "has_loss_history": true
    },
    {
      "rank": 20,
      "success": true,
      "metrics": {
        "mse": 0.6002819111012808,
        "rmse": 0.7747786207048313,
        "relative_error": 0.6317009150899745,
        "variance_explained": 0.6002671619427171,
        "gene_sparsity": 0.17492419055071898,
        "sample_sparsity": 0.5375,
        "time_sparsity": 0.0,
        "weight_max": 1.0,
        "weight_min": 1.0,
        "weight_ratio": 1.0,
        "weight_cv": 0.0,
        "converged": 1.0,
        "n_iterations": 735.0,
        "final_loss": 694506.3692057377
      },
      "output_dir": "../output/13.00-multiomics-barnacle/random_state_42/rank_20",
      "has_loss_history": true
    },
    {
      "rank": 25,
      "success": true,
      "metrics": {
        "mse": 0.5157431216704358,
        "rmse": 0.718152575481308,
        "relative_error": 0.5855319532346711,
        "variance_explained": 0.6565605340177376,
        "gene_sparsity": 0.17172649907072288,
        "sample_sparsity": 0.4757142857142857,
        "time_sparsity": 0.0,
        "weight_max": 1.0,
        "weight_min": 1.0,
        "weight_ratio": 1.0,
        "weight_cv": 0.0,
        "converged": 1.0,
        "n_iterations": 1294.0,
        "final_loss": 599370.9624364743
      },
      "output_dir": "../output/13.00-multiomics-barnacle/random_state_42/rank_25",
      "has_loss_history": true
    },
    {
      "rank": 35,
      "success": true,
      "metrics": {
        "mse": 0.37020507691253196,
        "rmse": 0.608444801861707,
        "relative_error": 0.4960838203926215,
        "variance_explained": 0.7534770825054661,
        "gene_sparsity": 0.2878998337083048,
        "sample_sparsity": 0.513265306122449,
        "time_sparsity": 0.0,
        "weight_max": 1.0,
        "weight_min": 1.0,
        "weight_ratio": 1.0,
        "weight_cv": 0.0,
        "converged": 1.0,
        "n_iterations": 1747.0,
        "final_loss": 432145.6729076232
      },
      "output_dir": "../output/13.00-multiomics-barnacle/random_state_42/rank_35",
      "has_loss_history": true
    },
    {
      "rank": 45,
      "success": true,
      "metrics": {
        "mse": 0.26665673017141794,
        "rmse": 0.5163881584345423,
        "relative_error": 0.4210271986183279,
        "variance_explained": 0.8224298208006615,
        "gene_sparsity": 0.32747290966991643,
        "sample_sparsity": 0.5198412698412699,
        "time_sparsity": 0.005555555555555556,
        "weight_max": 1.0,
        "weight_min": 1.0,
        "weight_ratio": 1.0,
        "weight_cv": 0.0,
        "converged": 1.0,
        "n_iterations": 2594.0,
        "final_loss": 314501.27778701246
      },
      "output_dir": "../output/13.00-multiomics-barnacle/random_state_42/rank_45",
      "has_loss_history": true
    },
    {
      "rank": 55,
      "success": true,
      "metrics": {
        "mse": 0.19457454831874343,
        "rmse": 0.4411060511019356,
        "relative_error": 0.3596473736966658,
        "variance_explained": 0.8704304832872134,
        "gene_sparsity": 0.3518216499337501,
        "sample_sparsity": 0.5181818181818182,
        "time_sparsity": 0.0,
        "weight_max": 1.0,
        "weight_min": 1.0,
        "weight_ratio": 1.0,
        "weight_cv": 0.0,
        "converged": 1.0,
        "n_iterations": 4050.0,
        "final_loss": 233252.44819592385
      },
      "output_dir": "../output/13.00-multiomics-barnacle/random_state_42/rank_55",
      "has_loss_history": true
    },
    {
      "rank": 65,
      "success": true,
      "metrics": {
        "mse": 0.13881920634980532,
        "rmse": 0.3725844955842974,
        "relative_error": 0.303779635265134,
        "variance_explained": 0.9075590403086011,
        "gene_sparsity": 0.6911970744700863,
        "sample_sparsity": 0.5324175824175824,
        "time_sparsity": 0.0038461538461538464,
        "weight_max": 1.0,
        "weight_min": 1.0,
        "weight_ratio": 1.0,
        "weight_cv": 0.0,
        "converged": 1.0,
        "n_iterations": 3774.0,
        "final_loss": 165815.1201066409
      },
      "output_dir": "../output/13.00-multiomics-barnacle/random_state_42/rank_65",
      "has_loss_history": true
    },
    {
      "rank": 75,
      "success": true,