{
  "rank": 35,
  "metrics": {
    "mse": 0.37085855115991373,
    "rmse": 0.6089815688179026,
    "relative_error": 0.4965214630538379,
    "variance_explained": 0.7530454588040388,
    "gene_sparsity": 0.20076019060661535,
    "sample_sparsity": 0.49183673469387756,
    "time_sparsity": 0.0,
    "weight_max": 1.0,
    "weight_min": 1.0,
    "weight_ratio": 1.0,
    "weight_cv": 0.0,
    "converged": true,
    "n_iterations": 1653.0,
    "final_loss": 434782.6621304587
  },
  "tensor_shape": [
    10223,
    28,
    4
  ]
}