{
  "rank": 8,
  "metrics": {
    "mse": 0.9754260404851597,
    "rmse": 0.9876365933303402,
    "relative_error": 0.8052505878589619,
    "variance_explained": 0.35046048064324664,
    "gene_sparsity": 0.15481023183018683,
    "sample_sparsity": 0.5401785714285714,
    "time_sparsity": 0.0,
    "weight_max": 1.0,
    "weight_min": 1.0,
    "weight_ratio": 1.0,
    "weight_cv": 0.0,
    "converged": true,
    "n_iterations": 186.0,
    "final_loss": 1121724.8169161063
  },
  "tensor_shape": [
    10223,
    28,
    4
  ]
}