{
  "rank": 55,
  "fms_result": {
    "fms": 0.9663244653253049,
    "correlation": 0.9326489306506097,
    "mse": 0.1954749617318872,
    "rmse": 0.44212550450283594,
    "mae": 0.3190775328649197,
    "r_squared": 0.8698298552024585,
    "success": true,
    "method": "reconstruction_correlation",
    "valid_elements": 1144976
  },
  "summary": {
    "rank": 55,
    "fms": 0.9663244653253049,
    "correlation": 0.9326489306506097,
    "mse": 0.1954749617318872,
    "rmse": 0.44212550450283594,
    "mae": 0.3190775328649197,
    "r_squared": 0.8698298552024585,
    "success": true,
    "method": "reconstruction_correlation",
    "valid_elements": 1144976
  }
}