{
  "rank": 25,
  "metrics": {
    "mse": 0.5124353574757465,
    "rmse": 0.7158459034427357,
    "relative_error": 0.5836512523497485,
    "variance_explained": 0.6587642112381316,
    "gene_sparsity": 0.2001878117969285,
    "sample_sparsity": 0.5014285714285714,
    "time_sparsity": 0.0,
    "weight_max": 1.0,
    "weight_min": 1.0,
    "weight_ratio": 1.0,
    "weight_cv": 0.0,
    "converged": true,
    "n_iterations": 1557.0,
    "final_loss": 595111.3918362221
  },
  "tensor_shape": [
    10223,
    28,
    4
  ]
}