{
  "rank": 45,
  "metrics": {
    "mse": 0.2686805608921658,
    "rmse": 0.5183440564838819,
    "relative_error": 0.42262190264677224,
    "variance_explained": 0.8210832028907785,
    "gene_sparsity": 0.3327594639538296,
    "sample_sparsity": 0.542063492063492,
    "time_sparsity": 0.005555555555555556,
    "weight_max": 1.0,
    "weight_min": 1.0,
    "weight_ratio": 1.0,
    "weight_cv": 0.0,
    "converged": true,
    "n_iterations": 2944.0,
    "final_loss": 316938.6500541756
  },
  "tensor_shape": [
    10223,
    28,
    4
  ]
}