{
  "reconstruction_error": 52598.94100161135,
  "explained_variance": 0.006066844722197873,
  "final_loss": 52600.461862894816,
  "n_iterations": 5,
  "sparsity_A": 0.91421768707483,
  "sparsity_B": 0.9333333333333333,
  "sparsity_C": 0.8,
  "converged": true
}