iteration,loss
0,52738.062652062275
1,52605.85368684324
2,52600.64408448391
3,52600.468604044465
4,52600.461862894816
