{
  "rank": 8,
  "metrics": {
    "mse": 0.9597616194414691,
    "rmse": 0.9796742414912567,
    "relative_error": 0.7987586367278866,
    "variance_explained": 0.36088864012025956,
    "gene_sparsity": 0.10813851120023477,
    "sample_sparsity": 0.48214285714285715,
    "time_sparsity": 0.03125,
    "weight_max": 1.0,
    "weight_min": 1.0,
    "weight_ratio": 1.0,
    "weight_cv": 0.0,
    "converged": true,
    "n_iterations": 354.0,
    "final_loss": 1105496.5419755229
  },
  "tensor_shape": [
    10223,
    28,
    4
  ]
}