{
  "rank": 75,
  "metrics": {
    "mse": 0.09549977036777067,
    "rmse": 0.3090303712708035,
    "relative_error": 0.25196199676337283,
    "variance_explained": 0.9364061045817342,
    "gene_sparsity": 0.8450904822459161,
    "sample_sparsity": 0.5261904761904762,
    "time_sparsity": 0.0033333333333333335,
    "weight_max": 1.0,
    "weight_min": 1.0,
    "weight_ratio": 1.0,
    "weight_cv": 0.0,
    "converged": true,
    "n_iterations": 3767.0,
    "final_loss": 115349.94233199456
  },
  "tensor_shape": [
    10223,
    28,
    4
  ]
}