{
  "rank": 15,
  "fms_result": {
    "fms": 0.8609550518421768,
    "correlation": 0.7219101036843536,
    "mse": 0.7191018522688689,
    "rmse": 0.8479987336481517,
    "mae": 0.5955784003016246,
    "r_squared": 0.521137687381118,
    "success": true,
    "method": "reconstruction_correlation",
    "valid_elements": 1144976
  },
  "summary": {
    "rank": 15,
    "fms": 0.8609550518421768,
    "correlation": 0.7219101036843536,
    "mse": 0.7191018522688689,
    "rmse": 0.8479987336481517,
    "mae": 0.5955784003016246,
    "r_squared": 0.521137687381118,
    "success": true,
    "method": "reconstruction_correlation",
    "valid_elements": 1144976
  }
}