{
  "timestamp": "2025-10-09T04:49:55.004011Z",
  "tensor_shape": [
    10223,
    30,
    4
  ],
  "n_components": 8,
  "rank": 8,
  "model_converged": false,
  "final_loss": 689401.0927645369
}