{
  "timestamp": "2025-10-09T04:43:45.543023Z",
  "tensor_shape": [
    10223,
    30,
    4
  ],
  "n_components": 3,
  "rank": 3,
  "model_converged": false,
  "final_loss": 1368622.5402875934
}