{
  "rank": 55,
  "metrics": {
    "mse": 0.1954749617318873,
    "rmse": 0.44212550450283605,
    "relative_error": 0.36047856550943747,
    "variance_explained": 0.869830619709298,
    "gene_sparsity": 0.49945488337349825,
    "sample_sparsity": 0.5097402597402597,
    "time_sparsity": 0.0,
    "weight_max": 1.0,
    "weight_min": 1.0,
    "weight_ratio": 1.0,
    "weight_cv": 0.0,
    "converged": true,
    "n_iterations": 3102.0,
    "final_loss": 232032.41738866866
  },
  "tensor_shape": [
    10223,
    28,
    4
  ]
}