{
  "rank": 25,
  "metrics": {
    "mse": 0.5120327488686246,
    "rmse": 0.7155646364016494,
    "relative_error": 0.5834219266527164,
    "variance_explained": 0.6590349181458304,
    "gene_sparsity": 0.19327007727672896,
    "sample_sparsity": 0.46,
    "time_sparsity": 0.02,
    "weight_max": 1.0,
    "weight_min": 1.0,
    "weight_ratio": 1.0,
    "weight_cv": 0.0,
    "converged": true,
    "n_iterations": 1531.0,
    "final_loss": 594816.3340157412
  },
  "tensor_shape": [
    10223,
    28,
    4
  ]
}