{
  "reconstruction_error": 3017526.5976782567,
  "explained_variance": 0.03910043921427753,
  "final_loss": 3017573.7926728926,
  "n_iterations": 4,
  "sparsity_A": 0.7777777777777778,
  "sparsity_B": 0.7777777777777778,
  "sparsity_C": 0.7777777777777778,
  "converged": true
}