iteration,loss
0,3082595.469073337
1,3017577.6951135797
2,3017573.751467963
3,3017573.7926728926
