{
  "timestamp": "2025-11-25T16:54:35.014739Z",
  "tensor_shape": [
    9800,
    30,
    4
  ],
  "n_components": 35,
  "model_converged": false,
  "final_loss": 191319.7569185265
}