{
  "rank": 8,
  "fms_result": {
    "fms": 0.800266658132524,
    "correlation": 0.6005333162650478,
    "mse": 0.960123872237416,
    "rmse": 0.9798591083606949,
    "mae": 0.6791258496764453,
    "r_squared": 0.36063697178699505,
    "success": true,
    "method": "reconstruction_correlation",
    "valid_elements": 1144976
  },
  "summary": {
    "rank": 8,
    "fms": 0.800266658132524,
    "correlation": 0.6005333162650478,
    "mse": 0.960123872237416,
    "rmse": 0.9798591083606949,
    "mae": 0.6791258496764453,
    "r_squared": 0.36063697178699505,
    "success": true,
    "method": "reconstruction_correlation",
    "valid_elements": 1144976
  }
}