{
  "rank": 8,
  "metrics": {
    "mse": 0.9601238722374165,
    "rmse": 0.9798591083606951,
    "relative_error": 0.7989093643905676,
    "variance_explained": 0.36063697186501986,
    "gene_sparsity": 0.13520982099188106,
    "sample_sparsity": 0.4375,
    "time_sparsity": 0.0,
    "weight_max": 1.0,
    "weight_min": 1.0,
    "weight_ratio": 1.0,
    "weight_cv": 0.0,
    "converged": true,
    "n_iterations": 679.0,
    "final_loss": 1104318.1652064049
  },
  "tensor_shape": [
    10223,
    28,
    4
  ]
}