{
  "rank": 8,
  "metrics": {
    "mse": 0.9591355651777451,
    "rmse": 0.9793546677163208,
    "relative_error": 0.7984980783688007,
    "variance_explained": 0.361299572613746,
    "gene_sparsity": 0.10703805145260686,
    "sample_sparsity": 0.4017857142857143,
    "time_sparsity": 0.0,
    "weight_max": 1.0,
    "weight_min": 1.0,
    "weight_ratio": 1.0,
    "weight_cv": 0.0,
    "converged": true,
    "n_iterations": 324.0,
    "final_loss": 1104138.193338422
  },
  "tensor_shape": [
    10223,
    28,
    4
  ]
}