{
  "timestamp": "2025-11-05T08:16:02.497949Z",
  "tensor_shape": [
    9800,
    30,
    4
  ],
  "n_components": 35,
  "model_converged": false,
  "final_loss": 184599.92929363315
}