{
  "rank": 10,
  "metrics": {
    "mse": 0.8823183472966831,
    "rmse": 0.9393180224485651,
    "relative_error": 0.7658549661598372,
    "variance_explained": 0.41246672652342087,
    "gene_sparsity": 0.13760148684339235,
    "sample_sparsity": 0.4857142857142857,
    "time_sparsity": 0.0,
    "weight_max": 1.0,
    "weight_min": 1.0,
    "weight_ratio": 1.0,
    "weight_cv": 0.0,
    "converged": true,
    "n_iterations": 1118.0,
    "final_loss": 1016125.7361947389
  },
  "tensor_shape": [
    10223,
    28,
    4
  ]
}