{
  "rank": 5,
  "fms_result": {
    "fms": 0.7601247282431901,
    "correlation": 0.5202494564863802,
    "mse": 1.095274777155415,
    "rmse": 1.0465537621906555,
    "mae": 0.7281000249426587,
    "r_squared": 0.2706376557271477,
    "success": true,
    "method": "reconstruction_correlation",
    "valid_elements": 1144976
  },
  "summary": {
    "rank": 5,
    "fms": 0.7601247282431901,
    "correlation": 0.5202494564863802,
    "mse": 1.095274777155415,
    "rmse": 1.0465537621906555,
    "mae": 0.7281000249426587,
    "r_squared": 0.2706376557271477,
    "success": true,
    "method": "reconstruction_correlation",
    "valid_elements": 1144976
  }
}