{
  "rank": 5,
  "metrics": {
    "mse": 1.0952747771554148,
    "rmse": 1.0465537621906553,
    "relative_error": 0.8532875735074735,
    "variance_explained": 0.2706551947697393,
    "gene_sparsity": 0.15017118262740878,
    "sample_sparsity": 0.38571428571428573,
    "time_sparsity": 0.0,
    "weight_max": 1.0,
    "weight_min": 1.0,
    "weight_ratio": 1.0,
    "weight_cv": 0.0,
    "converged": true,
    "n_iterations": 331.0,
    "final_loss": 1257903.4504967853
  },
  "tensor_shape": [
    10223,
    28,
    4
  ]
}