{
  "timestamp": "2025-10-11T14:07:28.669847Z",
  "tensor_shape": [
    9800,
    30,
    4
  ],
  "n_components": 15,
  "model_converged": false,
  "final_loss": 345393.90673821187
}