{
  "timestamp": "2025-11-25T18:04:42.354009Z",
  "tensor_shape": [
    9800,
    30,
    4
  ],
  "n_components": 35,
  "model_converged": false,
  "final_loss": 242199.94858047774
}