rank1,rank2,overlap_count,jaccard_similarity,percent_overlap
5,8,58,0.4084507042253521,57.99999999999999
8,10,57,0.3986013986013986,56.99999999999999
10,12,28,0.16279069767441862,28.000000000000004
12,15,36,0.21951219512195122,36.0
15,20,23,0.12994350282485875,23.0
20,25,57,0.3986013986013986,56.99999999999999
25,35,32,0.19047619047619047,32.0
35,45,31,0.1834319526627219,31.0
45,55,40,0.25,40.0
55,65,48,0.3157894736842105,48.0
65,75,53,0.36054421768707484,53.0
