{
  "rank": 35,
  "metrics": {
    "mse": 0.37020507691253196,
    "rmse": 0.608444801861707,
    "relative_error": 0.4960838203926215,
    "variance_explained": 0.7534770825054661,
    "gene_sparsity": 0.2878998337083048,
    "sample_sparsity": 0.513265306122449,
    "time_sparsity": 0.0,
    "weight_max": 1.0,
    "weight_min": 1.0,
    "weight_ratio": 1.0,
    "weight_cv": 0.0,
    "converged": true,
    "n_iterations": 1747.0,
    "final_loss": 432145.6729076232
  },
  "tensor_shape": [
    10223,
    28,
    4
  ]
}