{
  "timestamp": "2025-10-21T06:48:19.041205",
  "ranks_tested": [
    5,
    8,
    10,
    12,
    15,
    20,
    25,
    35,
    45,
    55,
    65,
    75
  ],
  "total_runs": 12,
  "successful_runs": 12,
  "failed_runs": 0,
  "results": [
    {
      "rank": 5,
      "success": true,
      "metrics": {
        "mse": 1.0952747771554148,
        "rmse": 1.0465537621906553,
        "relative_error": 0.8532875735074735,
        "variance_explained": 0.2706551947697393,
        "gene_sparsity": 0.15017118262740878,
        "sample_sparsity": 0.38571428571428573,
        "time_sparsity": 0.0,
        "weight_max": 1.0,
        "weight_min": 1.0,
        "weight_ratio": 1.0,
        "weight_cv": 0.0,
        "converged": 1.0,
        "n_iterations": 331.0,
        "final_loss": 1257903.4504967853
      },
      "output_dir": "../output/13.00-multiomics-barnacle/rank_05",
      "has_loss_history": true
    },
    {
      "rank": 8,
      "success": true,
      "metrics": {
        "mse": 0.9601238722374165,
        "rmse": 0.9798591083606951,
        "relative_error": 0.7989093643905676,
        "variance_explained": 0.36063697186501986,
        "gene_sparsity": 0.13520982099188106,
        "sample_sparsity": 0.4375,
        "time_sparsity": 0.0,
        "weight_max": 1.0,
        "weight_min": 1.0,
        "weight_ratio": 1.0,
        "weight_cv": 0.0,
        "converged": 1.0,
        "n_iterations": 679.0,
        "final_loss": 1104318.1652064049
      },
      "output_dir": "../output/13.00-multiomics-barnacle/rank_08",
      "has_loss_history": true
    },
    {
      "rank": 10,
      "success": true,
      "metrics": {
        "mse": 0.8768762163031308,
        "rmse": 0.936416689462085,
        "relative_error": 0.7634894198559482,
        "variance_explained": 0.4160981234605683,
        "gene_sparsity": 0.10651472170595716,
        "sample_sparsity": 0.4928571428571429,
        "time_sparsity": 0.025,
        "weight_max": 1.0,
        "weight_min": 1.0,
        "weight_ratio": 1.0,
        "weight_cv": 0.0,
        "converged": 1.0,
        "n_iterations": 343.0,
        "final_loss": 1011288.896433278
      },
      "output_dir": "../output/13.00-multiomics-barnacle/rank_10",
      "has_loss_history": true
    },
    {
      "rank": 12,
      "success": true,
      "metrics": {
        "mse": 0.8079974324222097,
        "rmse": 0.8988867739722337,
        "relative_error": 0.7328901217795237,
        "variance_explained": 0.46198171595125204,
        "gene_sparsity": 0.12395252535133196,
        "sample_sparsity": 0.5535714285714286,
        "time_sparsity": 0.0,
        "weight_max": 1.0,
        "weight_min": 1.0,
        "weight_ratio": 1.0,
        "weight_cv": 0.0,
        "converged": 1.0,
        "n_iterations": 477.0,
        "final_loss": 932051.8992902903
      },
      "output_dir": "../output/13.00-multiomics-barnacle/rank_12",
      "has_loss_history": true
    },
    {
      "rank": 15,
      "success": true,
      "metrics": {
        "mse": 0.7191018522688689,
        "rmse": 0.8479987336481517,
        "relative_error": 0.6913995323636537,
        "variance_explained": 0.5211493508495639,
        "gene_sparsity": 0.1739411131761714,
        "sample_sparsity": 0.49047619047619045,
        "time_sparsity": 0.0,
        "weight_max": 1.0,
        "weight_min": 1.0,
        "weight_ratio": 1.0,
        "weight_cv": 0.0,
        "converged": 1.0,
        "n_iterations": 892.0,
        "final_loss": 829910.129413982
      },
      "output_dir": "../output/13.00-multiomics-barnacle/rank_15",
      "has_loss_history": true
    },
    {
      "rank": 20,
      "success": true,
      "metrics": {
        "mse": 0.6052862598577785,
        "rmse": 0.7780014523494018,
        "relative_error": 0.634328589169577,
        "variance_explained": 0.5969407665676336,
        "gene_sparsity": 0.17677296292673383,
        "sample_sparsity": 0.4928571428571429,
        "time_sparsity": 0.0,
        "weight_max": 1.0,
        "weight_min": 1.0,
        "weight_ratio": 1.0,
        "weight_cv": 0.0,
        "converged": 1.0,
        "n_iterations": 1084.0,
        "final_loss": 701319.0459749202
      },
      "output_dir": "../output/13.00-multiomics-barnacle/rank_20",
      "has_loss_history": true
    },
    {
      "rank": 25,
      "success": true,
      "metrics": {
        "mse": 0.5120327488686246,
        "rmse": 0.7155646364016494,
        "relative_error": 0.5834219266527164,
        "variance_explained": 0.6590349181458304,
        "gene_sparsity": 0.19327007727672896,
        "sample_sparsity": 0.46,
        "time_sparsity": 0.02,
        "weight_max": 1.0,
        "weight_min": 1.0,
        "weight_ratio": 1.0,
        "weight_cv": 0.0,
        "converged": 1.0,
        "n_iterations": 1531.0,
        "final_loss": 594816.3340157412
      },
      "output_dir": "../output/13.00-multiomics-barnacle/rank_25",
      "has_loss_history": true
    },
    {
      "rank": 35,
      "success": true,
      "metrics": {
        "mse": 0.37001176307941197,
        "rmse": 0.6082859221446868,
        "relative_error": 0.49595428085713517,
        "variance_explained": 0.7536058167841648,
        "gene_sparsity": 0.24158410307290284,
        "sample_sparsity": 0.4969387755102041,
        "time_sparsity": 0.0,
        "weight_max": 1.0,
        "weight_min": 1.0,
        "weight_ratio": 1.0,
        "weight_cv": 0.0,
        "converged": 1.0,
        "n_iterations": 1640.0,
        "final_loss": 432963.58963211556
      },
      "output_dir": "../output/13.00-multiomics-barnacle/rank_35",
      "has_loss_history": true
    },
    {
      "rank": 45,
      "success": true,
      "metrics": {
        "mse": 0.26747357139418704,
        "rmse": 0.5171784715107417,
        "relative_error": 0.4216715652542949,
        "variance_explained": 0.8218858247884113,
        "gene_sparsity": 0.38693142913039225,
        "sample_sparsity": 0.5412698412698412,
        "time_sparsity": 0.005555555555555556,
        "weight_max": 1.0,
        "weight_min": 1.0,
        "weight_ratio": 1.0,
        "weight_cv": 0.0,
        "converged": 1.0,
        "n_iterations": 2957.0,
        "final_loss": 314820.478795418
      },
      "output_dir": "../output/13.00-multiomics-barnacle/rank_45",
      "has_loss_history": true
    },
    {
      "rank": 55,
      "success": true,
      "metrics": {
        "mse": 0.1954749617318873,
        "rmse": 0.44212550450283605,
        "relative_error": 0.3604785655094374,
        "variance_explained": 0.869830619709298,
        "gene_sparsity": 0.49945488337349825,
        "sample_sparsity": 0.5097402597402597,
        "time_sparsity": 0.0,
        "weight_max": 1.0,
        "weight_min": 1.0,
        "weight_ratio": 1.0,
        "weight_cv": 0.0,
        "converged": 1.0,
        "n_iterations": 3102.0,
        "final_loss": 232032.41738866866
      },
      "output_dir": "../output/13.00-multiomics-barnacle/rank_55",
      "has_loss_history": true
    },
    {
      "rank": 65,
      "success": true,
      "metrics": {
        "mse": 0.13994308127216176,
        "rmse": 0.3740896700955023,
        "relative_error": 0.3050068504859582,
        "variance_explained": 0.9068107837774139,
        "gene_sparsity": 0.6709832278647695,
        "sample_sparsity": 0.510989010989011,
        "time_sparsity": 0.0,
        "weight_max": 1.0,
        "weight_min": 1.0,
        "weight_ratio": 1.0,
        "weight_cv": 0.0,
        "converged": 1.0,
        "n_iterations": 3857.0,
        "final_loss": 167549.9446197874
      },
      "output_dir": "../output/13.00-multiomics-barnacle/rank_65",
      "has_loss_history": true
    },
    {
      "rank": 75,
      "success": true,
      "metrics": {
        "mse": 0.0956769310709544,
        "rmse": 0.30931687808937036,
        "relative_error": 0.2521955946126572,
        "variance_explained": 0.9362881986866948,
        "gene_sparsity": 0.749639049202778,