{
  "rank": 65,
  "metrics": {
    "mse": 0.13907459791408064,
    "rmse": 0.37292706782168633,
    "relative_error": 0.30405894498027064,
    "variance_explained": 0.9073889546917706,
    "gene_sparsity": 0.6718831593917185,
    "sample_sparsity": 0.5357142857142857,
    "time_sparsity": 0.0,
    "weight_max": 1.0,
    "weight_min": 1.0,
    "weight_ratio": 1.0,
    "weight_cv": 0.0,
    "converged": true,
    "n_iterations": 3280.0,
    "final_loss": 166411.42433372157
  },
  "tensor_shape": [
    10223,
    28,
    4
  ]
}