{
  "rank": 75,
  "metrics": {
    "mse": 0.09600045608677792,
    "rmse": 0.3098394037025922,
    "relative_error": 0.2526216258675335,
    "variance_explained": 0.9360727515358872,
    "gene_sparsity": 0.76220548436532,
    "sample_sparsity": 0.5357142857142857,
    "time_sparsity": 0.0,
    "weight_max": 1.0,
    "weight_min": 1.0,
    "weight_ratio": 1.0,
    "weight_cv": 0.0,
    "converged": true,
    "n_iterations": 3506.0,
    "final_loss": 116840.7108544151
  },
  "tensor_shape": [
    10223,
    28,
    4
  ]
}