{
  "timestamp": "2025-10-24T13:34:45.677195Z",
  "tensor_shape": [
    9800,
    30,
    4
  ],
  "n_components": 5,
  "model_converged": false,
  "final_loss": 573397.7275963302
}