{
  "rank": 12,
  "metrics": {
    "mse": 0.8056326854999045,
    "rmse": 0.8975704348405782,
    "relative_error": 0.7318168698701213,
    "variance_explained": 0.46352172687062987,
    "gene_sparsity": 0.11198604454008934,
    "sample_sparsity": 0.4880952380952381,
    "time_sparsity": 0.0,
    "weight_max": 1.0,
    "weight_min": 1.0,
    "weight_ratio": 1.0,
    "weight_cv": 0.0,
    "converged": true,
    "n_iterations": 496.0,
    "final_loss": 929883.2675936475
  },
  "tensor_shape": [
    10223,
    28,
    4
  ]
}