{
  "rank": 25,
  "metrics": {
    "mse": 0.5146611149225483,
    "rmse": 0.7173988534438485,
    "relative_error": 0.5849174204015972,
    "variance_explained": 0.657284366845491,
    "gene_sparsity": 0.1570224004695295,
    "sample_sparsity": 0.4857142857142857,
    "time_sparsity": 0.0,
    "weight_max": 1.0,
    "weight_min": 1.0,
    "weight_ratio": 1.0,
    "weight_cv": 0.0,
    "converged": true,
    "n_iterations": 1039.0,
    "final_loss": 597633.9657865004
  },
  "tensor_shape": [
    10223,
    28,
    4
  ]
}