{
  "timestamp": "2025-10-11T13:25:10.814797Z",
  "tensor_shape": [
    9800,
    30,
    4
  ],
  "n_components": 8,
  "rank": 8,
  "model_converged": false,
  "final_loss": 469358.92918226565
}