{
  "rank": 75,
  "fms_result": {
    "fms": 0.9838106575197384,
    "correlation": 0.9676213150394768,
    "mse": 0.09567693107095444,
    "rmse": 0.3093168780893704,
    "mae": 0.21857618229694672,
    "r_squared": 0.9362870832103153,
    "success": true,
    "method": "reconstruction_correlation",
    "valid_elements": 1144976
  },
  "summary": {
    "rank": 75,
    "fms": 0.9838106575197384,
    "correlation": 0.9676213150394768,
    "mse": 0.09567693107095444,
    "rmse": 0.3093168780893704,
    "mae": 0.21857618229694672,
    "r_squared": 0.9362870832103153,
    "success": true,
    "method": "reconstruction_correlation",
    "valid_elements": 1144976
  }
}