{
  "rank": 75,
  "metrics": {
    "mse": 0.0956769310709544,
    "rmse": 0.30931687808937036,
    "relative_error": 0.2521955946126572,
    "variance_explained": 0.9362881986866948,
    "gene_sparsity": 0.749639049202778,
    "sample_sparsity": 0.5295238095238095,
    "time_sparsity": 0.006666666666666667,
    "weight_max": 1.0,
    "weight_min": 1.0,
    "weight_ratio": 1.0,
    "weight_cv": 0.0,
    "converged": true,
    "n_iterations": 4760.0,
    "final_loss": 116599.60652343062
  },
  "tensor_shape": [
    10223,
    28,
    4
  ]
}