{
  "timestamp": "2025-11-28T15:09:09.812588Z",
  "tensor_shape": [
    9800,
    30,
    4
  ],
  "n_components": 3,
  "model_converged": false,
  "final_loss": 1059318.4536356993
}