{
  "timestamp": "2025-11-04T23:42:16.326815Z",
  "tensor_shape": [
    9800,
    30,
    4
  ],
  "n_components": 35,
  "model_converged": false,
  "final_loss": 173757.0970322731
}