{
  "timestamp": "2025-11-05T17:15:50.494180Z",
  "tensor_shape": [
    9800,
    30,
    4
  ],
  "n_components": 35,
  "model_converged": false,
  "final_loss": 215403.1325837021
}