{
  "rank": 5,
  "lambda_A": 0.0005488047000766049,
  "lambda_B": 0.755681014127442,
  "lambda_C": 0.12604664585649453,
  "non_negative": true,
  "best_value": 1.6139410563531613,
  "explained_variance": 0.0060633941819348,
  "sparsity_A": 0.9142403628117913,
  "sparsity_B": 0.9333333333333333,
  "sparsity_C": 0.8
}