{
  "rank": 6,
  "lambda_A": 0.004059835737020446,
  "lambda_B": 0.9927300702687186,
  "lambda_C": 0.023856895458323615,
  "non_negative": true,
  "best_value": 1.0000662027347758,
  "explained_variance": 0.0,
  "sparsity_A": 1.0,
  "sparsity_B": 1.0,
  "sparsity_C": 1.0
}