{
  "timestamp": "2025-11-25T17:20:17.479801Z",
  "tensor_shape": [
    9800,
    30,
    4
  ],
  "n_components": 35,
  "model_converged": false,
  "final_loss": 204894.47075990113
}