{
  "reconstruction_error": 180.64233107278122,
  "explained_variance": 0.39785888736081476,
  "final_loss": 181.04498332528425,
  "n_iterations": 8,
  "sparsity_A": 0.0,
  "sparsity_B": 0.0,
  "sparsity_C": 0.0,
  "converged": true
}