iteration,loss
0,206.80164846054237
1,182.41083543941434
2,181.4478491328924
3,181.1524647504391
4,181.06984586016486
5,181.048889083746
6,181.04482582038662
7,181.04498332528425
