{
  "timestamp": "2025-11-05T14:37:25.738451Z",
  "tensor_shape": [
    9800,
    30,
    4
  ],
  "n_components": 35,
  "model_converged": false,
  "final_loss": 203541.556846441
}