{
  "rank": 20,
  "metrics": {
    "mse": 0.6124425342052109,
    "rmse": 0.7825870777141741,
    "relative_error": 0.6380673910179696,
    "variance_explained": 0.5921683343766689,
    "gene_sparsity": 0.06236427663112589,
    "sample_sparsity": 0.05,
    "time_sparsity": 0.0625,
    "weight_max": 1.0,
    "weight_min": 1.0,
    "weight_ratio": 1.0,
    "weight_cv": 0.0,
    "converged": true,
    "n_iterations": 1019.0,
    "final_loss": 701232.0030440898
  },
  "tensor_shape": [
    10223,
    28,
    4
  ]
}