{
  "rank": 75,
  "metrics": {
    "mse": 0.09527072309343416,
    "rmse": 0.30865955856482746,
    "relative_error": 0.25165966172284343,
    "variance_explained": 0.9365585902920366,
    "gene_sparsity": 0.8094805829991196,
    "sample_sparsity": 0.54,
    "time_sparsity": 0.006666666666666667,
    "weight_max": 1.0,
    "weight_min": 1.0,
    "weight_ratio": 1.0,
    "weight_cv": 0.0,
    "converged": true,
    "n_iterations": 4411.0,
    "final_loss": 115462.90140308924
  },
  "tensor_shape": [
    10223,
    28,
    4
  ]
}