{
  "timestamp": "2025-11-15T12:51:42.748252",
  "random_state": 43,
  "ranks_tested": [
    5,
    8,
    10,
    12,
    15,
    20,
    25,
    35,
    45,
    55,
    65,
    75
  ],
  "total_runs": 12,
  "successful_runs": 12,
  "failed_runs": 0,
  "results": [
    {
      "rank": 5,
      "success": true,
      "metrics": {
        "mse": 1.1017377123681318,
        "rmse": 1.049636943122779,
        "relative_error": 0.8558013860523246,
        "variance_explained": 0.2663481159097567,
        "gene_sparsity": 0.12194072190159444,
        "sample_sparsity": 0.39285714285714285,
        "time_sparsity": 0.0,
        "weight_max": 1.0,
        "weight_min": 1.0,
        "weight_ratio": 1.0,
        "weight_cv": 0.0,
        "converged": 1.0,
        "n_iterations": 190.0,
        "final_loss": 1265819.1964823718
      },
      "output_dir": "../output/13.00-multiomics-barnacle/random_state_43/rank_05",
      "has_loss_history": true
    },
    {
      "rank": 8,
      "success": true,
      "metrics": {
        "mse": 0.9754260404851597,
        "rmse": 0.9876365933303402,
        "relative_error": 0.8052505878589619,
        "variance_explained": 0.35046048064324664,
        "gene_sparsity": 0.15481023183018683,
        "sample_sparsity": 0.5401785714285714,
        "time_sparsity": 0.0,
        "weight_max": 1.0,
        "weight_min": 1.0,
        "weight_ratio": 1.0,
        "weight_cv": 0.0,
        "converged": 1.0,
        "n_iterations": 186.0,
        "final_loss": 1121724.8169161063
      },
      "output_dir": "../output/13.00-multiomics-barnacle/random_state_43/rank_08",
      "has_loss_history": true
    },
    {
      "rank": 10,
      "success": true,
      "metrics": {
        "mse": 0.8765220094899289,
        "rmse": 0.9362275415143099,
        "relative_error": 0.7633352016980074,
        "variance_explained": 0.41635319207422816,
        "gene_sparsity": 0.10864716815024944,
        "sample_sparsity": 0.4857142857142857,
        "time_sparsity": 0.0,
        "weight_max": 1.0,
        "weight_min": 1.0,
        "weight_ratio": 1.0,
        "weight_cv": 0.0,
        "converged": 1.0,
        "n_iterations": 387.0,
        "final_loss": 1010772.1368016278
      },
      "output_dir": "../output/13.00-multiomics-barnacle/random_state_43/rank_10",
      "has_loss_history": true
    },
    {
      "rank": 12,
      "success": true,
      "metrics": {
        "mse": 0.8081305895204305,
        "rmse": 0.8989608387023489,
        "relative_error": 0.732950509039238,
        "variance_explained": 0.46185992147402155,
        "gene_sparsity": 0.09446835566859044,
        "sample_sparsity": 0.49107142857142855,
        "time_sparsity": 0.0,
        "weight_max": 1.0,
        "weight_min": 1.0,
        "weight_ratio": 1.0,
        "weight_cv": 0.0,
        "converged": 1.0,
        "n_iterations": 558.0,
        "final_loss": 934100.0079834741
      },
      "output_dir": "../output/13.00-multiomics-barnacle/random_state_43/rank_12",
      "has_loss_history": true
    },
    {
      "rank": 15,
      "success": true,
      "metrics": {
        "mse": 0.7205784059829693,
        "rmse": 0.8488688979948372,
        "relative_error": 0.6921090042042422,
        "variance_explained": 0.520164486253345,
        "gene_sparsity": 0.10840914278261436,
        "sample_sparsity": 0.530952380952381,
        "time_sparsity": 0.0,
        "weight_max": 1.0,
        "weight_min": 1.0,
        "weight_ratio": 1.0,
        "weight_cv": 0.0,
        "converged": 1.0,
        "n_iterations": 746.0,
        "final_loss": 833126.4137204083
      },
      "output_dir": "../output/13.00-multiomics-barnacle/random_state_43/rank_15",
      "has_loss_history": true
    },
    {
      "rank": 20,
      "success": true,
      "metrics": {
        "mse": 0.6099024303908641,
        "rmse": 0.7809625025510918,
        "relative_error": 0.636742824761588,
        "variance_explained": 0.5938632959258113,
        "gene_sparsity": 0.1560011738237308,
        "sample_sparsity": 0.5125,
        "time_sparsity": 0.0125,
        "weight_max": 1.0,
        "weight_min": 1.0,
        "weight_ratio": 1.0,
        "weight_cv": 0.0,
        "converged": 1.0,
        "n_iterations": 879.0,
        "final_loss": 705699.544694691
      },
      "output_dir": "../output/13.00-multiomics-barnacle/random_state_43/rank_20",
      "has_loss_history": true
    },
    {
      "rank": 25,
      "success": true,
      "metrics": {
        "mse": 0.5146611149225483,
        "rmse": 0.7173988534438485,
        "relative_error": 0.5849174204015972,
        "variance_explained": 0.657284366845491,
        "gene_sparsity": 0.1570224004695295,
        "sample_sparsity": 0.4857142857142857,
        "time_sparsity": 0.0,
        "weight_max": 1.0,
        "weight_min": 1.0,
        "weight_ratio": 1.0,
        "weight_cv": 0.0,
        "converged": 1.0,
        "n_iterations": 1039.0,
        "final_loss": 597633.9657865004
      },
      "output_dir": "../output/13.00-multiomics-barnacle/random_state_43/rank_25",
      "has_loss_history": true
    },
    {
      "rank": 35,
      "success": true,
      "metrics": {
        "mse": 0.3716201416559295,
        "rmse": 0.6096065465986479,
        "relative_error": 0.49703102672203575,
        "variance_explained": 0.7525379804469294,
        "gene_sparsity": 0.23802909405961348,
        "sample_sparsity": 0.5163265306122449,
        "time_sparsity": 0.007142857142857143,
        "weight_max": 1.0,
        "weight_min": 1.0,
        "weight_ratio": 1.0,
        "weight_cv": 0.0,
        "converged": 1.0,
        "n_iterations": 1488.0,
        "final_loss": 434527.7436850125
      },
      "output_dir": "../output/13.00-multiomics-barnacle/random_state_43/rank_35",
      "has_loss_history": true
    },
    {
      "rank": 45,
      "success": true,
      "metrics": {
        "mse": 0.2686805608921658,
        "rmse": 0.5183440564838819,
        "relative_error": 0.42262190264677224,
        "variance_explained": 0.8210832028907785,
        "gene_sparsity": 0.3327594639538296,
        "sample_sparsity": 0.542063492063492,
        "time_sparsity": 0.005555555555555556,
        "weight_max": 1.0,
        "weight_min": 1.0,
        "weight_ratio": 1.0,
        "weight_cv": 0.0,
        "converged": 1.0,
        "n_iterations": 2944.0,
        "final_loss": 316938.6500541756
      },
      "output_dir": "../output/13.00-multiomics-barnacle/random_state_43/rank_45",
      "has_loss_history": true
    },
    {
      "rank": 55,
      "success": true,
      "metrics": {
        "mse": 0.19361463623636027,
        "rmse": 0.44001663177243683,
        "relative_error": 0.3587591365035241,
        "variance_explained": 0.8710697154512352,
        "gene_sparsity": 0.4907792588903809,
        "sample_sparsity": 0.5272727272727272,
        "time_sparsity": 0.013636363636363636,
        "weight_max": 1.0,
        "weight_min": 1.0,
        "weight_ratio": 1.0,
        "weight_cv": 0.0,
        "converged": 1.0,
        "n_iterations": 3453.0,
        "final_loss": 230052.52739834675
      },
      "output_dir": "../output/13.00-multiomics-barnacle/random_state_43/rank_55",
      "has_loss_history": true
    },
    {
      "rank": 65,
      "success": true,
      "metrics": {
        "mse": 0.13867730587343732,
        "rmse": 0.37239401965315894,
        "relative_error": 0.30362433436138236,
        "variance_explained": 0.9076535568396025,
        "gene_sparsity": 0.6524413276247376,
        "sample_sparsity": 0.5324175824175824,
        "time_sparsity": 0.0038461538461538464,
        "weight_max": 1.0,
        "weight_min": 1.0,
        "weight_ratio": 1.0,
        "weight_cv": 0.0,
        "converged": 1.0,
        "n_iterations": 3771.0,
        "final_loss": 166705.5885549004
      },
      "output_dir": "../output/13.00-multiomics-barnacle/random_state_43/rank_65",
      "has_loss_history": true
    },
    {
      "rank": 75,
      "success": true,