{
  "rank": 65,
  "metrics": {
    "mse": 0.13994308127216176,
    "rmse": 0.3740896700955023,
    "relative_error": 0.30500685048595827,
    "variance_explained": 0.9068107837774139,
    "gene_sparsity": 0.6709832278647695,
    "sample_sparsity": 0.510989010989011,
    "time_sparsity": 0.0,
    "weight_max": 1.0,
    "weight_min": 1.0,
    "weight_ratio": 1.0,
    "weight_cv": 0.0,
    "converged": true,
    "n_iterations": 3857.0,
    "final_loss": 167549.9446197874
  },
  "tensor_shape": [
    10223,
    28,
    4
  ]
}