{
  "rank": 5,
  "metrics": {
    "mse": 1.1017377123681318,
    "rmse": 1.049636943122779,
    "relative_error": 0.8558013860523246,
    "variance_explained": 0.2663481159097567,
    "gene_sparsity": 0.12194072190159444,
    "sample_sparsity": 0.39285714285714285,
    "time_sparsity": 0.0,
    "weight_max": 1.0,
    "weight_min": 1.0,
    "weight_ratio": 1.0,
    "weight_cv": 0.0,
    "converged": true,
    "n_iterations": 190.0,
    "final_loss": 1265819.1964823718
  },
  "tensor_shape": [
    10223,
    28,
    4
  ]
}