{
  "timestamp": "2025-11-04T22:15:47.321020Z",
  "tensor_shape": [
    9800,
    30,
    4
  ],
  "n_components": 35,
  "model_converged": false,
  "final_loss": 177850.12717809717
}