{
  "timestamp": "2025-10-10T02:11:49.118523Z",
  "tensor_shape": [
    10223,
    30,
    4
  ],
  "n_components": 5,
  "model_converged": false,
  "final_loss": 850174.8528270767
}