{
  "timestamp": "2025-10-09T04:30:09.413554Z",
  "tensor_shape": [
    10223,
    30,
    4
  ],
  "n_components": 5,
  "model_converged": false,
  "final_loss": 850174.8528271291
}