{
  "timestamp": "2025-11-03T22:13:22.328614Z",
  "tensor_shape": [
    9800,
    30,
    4
  ],
  "n_components": 35,
  "model_converged": false,
  "final_loss": 173935.60359981295
}