{
  "timestamp": "2025-11-05T04:14:24.437046Z",
  "tensor_shape": [
    9800,
    30,
    4
  ],
  "n_components": 35,
  "model_converged": false,
  "final_loss": 205494.98486835422
}