{
  "timestamp": "2025-11-25T18:25:24.978195Z",
  "tensor_shape": [
    9800,
    30,
    4
  ],
  "n_components": 35,
  "model_converged": false,
  "final_loss": 249503.87505162007
}