{
  "timestamp": "2025-11-05T11:26:17.306056Z",
  "tensor_shape": [
    9800,
    30,
    4
  ],
  "n_components": 35,
  "model_converged": false,
  "final_loss": 194209.94919028474
}