{
  "rank": 15,
  "metrics": {
    "mse": 0.7205784059829693,
    "rmse": 0.8488688979948372,
    "relative_error": 0.6921090042042422,
    "variance_explained": 0.520164486253345,
    "gene_sparsity": 0.10840914278261436,
    "sample_sparsity": 0.530952380952381,
    "time_sparsity": 0.0,
    "weight_max": 1.0,
    "weight_min": 1.0,
    "weight_ratio": 1.0,
    "weight_cv": 0.0,
    "converged": true,
    "n_iterations": 746.0,
    "final_loss": 833126.4137204083
  },
  "tensor_shape": [
    10223,
    28,
    4
  ]
}