{
  "rank": 65,
  "metrics": {
    "mse": 0.13881920634980532,
    "rmse": 0.3725844955842974,
    "relative_error": 0.303779635265134,
    "variance_explained": 0.9075590403086011,
    "gene_sparsity": 0.6911970744700863,
    "sample_sparsity": 0.5324175824175824,
    "time_sparsity": 0.0038461538461538464,
    "weight_max": 1.0,
    "weight_min": 1.0,
    "weight_ratio": 1.0,
    "weight_cv": 0.0,
    "converged": true,
    "n_iterations": 3774.0,
    "final_loss": 165815.1201066409
  },
  "tensor_shape": [
    10223,
    28,
    4
  ]
}