{
  "timestamp": "2025-10-11T13:15:48.965382Z",
  "tensor_shape": [
    9800,
    30,
    4
  ],
  "n_components": 3,
  "rank": 3,
  "model_converged": false,
  "final_loss": 1059318.4536356993
}