{
  "rank": 35,
  "metrics": {
    "mse": 0.3716201416559295,
    "rmse": 0.6096065465986479,
    "relative_error": 0.49703102672203575,
    "variance_explained": 0.7525379804469294,
    "gene_sparsity": 0.23802909405961348,
    "sample_sparsity": 0.5163265306122449,
    "time_sparsity": 0.007142857142857143,
    "weight_max": 1.0,
    "weight_min": 1.0,
    "weight_ratio": 1.0,
    "weight_cv": 0.0,
    "converged": true,
    "n_iterations": 1488.0,
    "final_loss": 434527.7436850125
  },
  "tensor_shape": [
    10223,
    28,
    4
  ]
}