{
  "rank": 18,
  "lambda_A": 0.0005488047000766049,
  "lambda_B": 0.755681014127442,
  "lambda_C": 0.12604664585649453,
  "non_negative": true,
  "best_value": 7.702411290712876,
  "explained_variance": 0.0,
  "sparsity_A": 1.0,
  "sparsity_B": 1.0,
  "sparsity_C": 1.0
}