{
  "rank": 75,
  "metrics": {
    "mse": 0.09572153801671697,
    "rmse": 0.30938897526692344,
    "relative_error": 0.2522543776660593,
    "variance_explained": 0.9362582540713592,
    "gene_sparsity": 0.7559385698914213,
    "sample_sparsity": 0.518095238095238,
    "time_sparsity": 0.0033333333333333335,
    "weight_max": 1.0,
    "weight_min": 1.0,
    "weight_ratio": 1.0,
    "weight_cv": 0.0,
    "converged": true,
    "n_iterations": 4069.0,
    "final_loss": 116629.51067685119
  },
  "tensor_shape": [
    10223,
    28,
    4
  ]
}