{
  "timestamp": "2025-11-05T01:58:48.823889Z",
  "tensor_shape": [
    9800,
    30,
    4
  ],
  "n_components": 35,
  "model_converged": false,
  "final_loss": 185305.39096225562
}