{
  "timestamp": "2025-12-03T22:15:29.974905Z",
  "tensor_shape": [
    9800,
    30,
    4
  ],
  "n_components": 35,
  "model_converged": false,
  "final_loss": 291647.5379528187
}