{
  "timestamp": "2025-12-03T22:34:13.448982Z",
  "tensor_shape": [
    9800,
    30,
    4
  ],
  "n_components": 35,
  "model_converged": false,
  "final_loss": 299716.65255188214
}