{
  "rank": 15,
  "metrics": {
    "mse": 0.7167079833724963,
    "rmse": 0.846586075583869,
    "relative_error": 0.6902477486565801,
    "variance_explained": 0.5227496323121121,
    "gene_sparsity": 0.12297759953047051,
    "sample_sparsity": 0.5404761904761904,
    "time_sparsity": 0.0,
    "weight_max": 1.0,
    "weight_min": 1.0,
    "weight_ratio": 1.0,
    "weight_cv": 0.0,
    "converged": true,
    "n_iterations": 689.0,
    "final_loss": 829409.7110548785
  },
  "tensor_shape": [
    10223,
    28,
    4
  ]
}