{
  "timestamp": "2025-11-12T19:48:15.285980",
  "lambda_values": [
    0.0,
    0.0,
    0.0
  ],
  "ranks_tested": [
    10,
    20,
    35,
    40
  ],
  "total_runs": 4,
  "successful_runs": 4,
  "failed_runs": 0,
  "results": [
    {
      "rank": 10,
      "success": true,
      "metrics": {
        "mse": 0.8808764594744745,
        "rmse": 0.9385501901733729,
        "relative_error": 0.7652289288145714,
        "variance_explained": 0.4134380882127676,
        "gene_sparsity": 0.06780788418272522,
        "sample_sparsity": 0.05714285714285714,
        "time_sparsity": 0.05,
        "weight_max": 1.0,
        "weight_min": 1.0,
        "weight_ratio": 1.0,
        "weight_cv": 0.0,
        "converged": 1.0,
        "n_iterations": 501.0,
        "final_loss": 1008582.405063275
      },
      "output_dir": "../output/13.00-multiomics-barnacle/zero_lambda_results/rank_10",
      "has_loss_history": true
    },
    {
      "rank": 20,
      "success": true,
      "metrics": {
        "mse": 0.6124425342052109,
        "rmse": 0.7825870777141741,
        "relative_error": 0.6380673910179696,
        "variance_explained": 0.5921683343766689,
        "gene_sparsity": 0.06236427663112589,
        "sample_sparsity": 0.05,
        "time_sparsity": 0.0625,
        "weight_max": 1.0,
        "weight_min": 1.0,
        "weight_ratio": 1.0,
        "weight_cv": 0.0,
        "converged": 1.0,
        "n_iterations": 1019.0,
        "final_loss": 701232.0030440898
      },
      "output_dir": "../output/13.00-multiomics-barnacle/zero_lambda_results/rank_20",
      "has_loss_history": true
    },
    {
      "rank": 35,
      "success": true,
      "metrics": {
        "mse": 0.3776332387758351,
        "rmse": 0.6145187049845067,
        "relative_error": 0.5010360610176274,
        "variance_explained": 0.7485310228280652,
        "gene_sparsity": 0.0889003786978941,
        "sample_sparsity": 0.03877551020408163,
        "time_sparsity": 0.04285714285714286,
        "weight_max": 1.0,
        "weight_min": 1.0,
        "weight_ratio": 1.0,
        "weight_cv": 0.0,
        "converged": 1.0,
        "n_iterations": 1568.0,
        "final_loss": 432380.99520062096
      },
      "output_dir": "../output/13.00-multiomics-barnacle/zero_lambda_results/rank_35",
      "has_loss_history": true
    },
    {
      "rank": 40,
      "success": true,
      "metrics": {
        "mse": 0.3223071454518091,
        "rmse": 0.5677210102258055,
        "relative_error": 0.46288045654795357,
        "variance_explained": 0.7853711568468859,
        "gene_sparsity": 0.07711043724933972,
        "sample_sparsity": 0.04732142857142857,
        "time_sparsity": 0.04375,
        "weight_max": 1.0,
        "weight_min": 1.0,
        "weight_ratio": 1.0,
        "weight_cv": 0.0,
        "converged": 1.0,
        "n_iterations": 1520.0,
        "final_loss": 369033.94617081713
      },
      "output_dir": "../output/13.00-multiomics-barnacle/zero_lambda_results/rank_40",
      "has_loss_history": true
    }
  ]
}