{
  "timestamp": "2025-11-25T15:07:59.889527Z",
  "tensor_shape": [
    9800,
    30,
    4
  ],
  "n_components": 35,
  "model_converged": false,
  "final_loss": 175745.21987324668
}