{
  "rank": 25,
  "metrics": {
    "mse": 0.5157431216704358,
    "rmse": 0.718152575481308,
    "relative_error": 0.5855319532346711,
    "variance_explained": 0.6565605340177376,
    "gene_sparsity": 0.17172649907072288,
    "sample_sparsity": 0.4757142857142857,
    "time_sparsity": 0.0,
    "weight_max": 1.0,
    "weight_min": 1.0,
    "weight_ratio": 1.0,
    "weight_cv": 0.0,
    "converged": true,
    "n_iterations": 1294.0,
    "final_loss": 599370.9624364743
  },
  "tensor_shape": [
    10223,
    28,
    4
  ]
}