{
  "best_rank_by_error": 15,
  "best_error": 0.36127146479202743,
  "elbow_rank": 5,
  "suggested_rank": 5,
  "total_ranks_tested": 14,
  "analysis_date": "2025-10-15T12:49:24.826920"
}