,Component_1,Component_2,Component_3,Component_4,Component_5
TP1,-7.701441311644393,7.248857527348187,6.407210875506722,-1.6031947845274273,9.43211617712942
TP2,-6.501151428785463,7.048609233768406,6.483540155464099,2.348304938946789,5.935556679639324
TP3,0.7519365700444537,6.083225908193041,6.649039290085034,4.224874730246486,4.126089943652995
TP4,0.7155244668118234,6.361256524508461,5.878712031865472,-6.434470213950083,13.710866463080079
