,Component_1,Component_2,Component_3,Component_4,Component_5
TP1,-7.701441461408182,7.2488573652557795,6.4072100510440535,-1.6031941859173884,9.43211648653753
TP2,-6.501151437574431,7.048609070878517,6.483539337213288,2.348303392167562,5.935556703799975
TP3,0.7519368399646364,6.0832257479787915,6.649038465836092,4.224872172353608,4.126089818235517
TP4,0.7155243323184087,6.361256372130963,5.878711297797652,-6.434467373985396,13.710867340439734
