{
  "timestamp": "2025-11-15T19:14:39.562656",
  "random_state": 44,
  "ranks_tested": [
    5,
    8,
    10,
    12,
    15,
    20,
    25,
    35,
    45,
    55,
    65,
    75
  ],
  "total_runs": 12,
  "successful_runs": 12,
  "failed_runs": 0,
  "results": [
    {
      "rank": 5,
      "success": true,
      "metrics": {
        "mse": 1.0953596567803792,
        "rmse": 1.0465943133709352,
        "relative_error": 0.8533206361359534,
        "variance_explained": 0.27061488262482003,
        "gene_sparsity": 0.1463953829599922,
        "sample_sparsity": 0.38571428571428573,
        "time_sparsity": 0.0,
        "weight_max": 1.0,
        "weight_min": 1.0,
        "weight_ratio": 1.0,
        "weight_cv": 0.0,
        "converged": 1.0,
        "n_iterations": 482.0,
        "final_loss": 1258066.958004562
      },
      "output_dir": "../output/13.00-multiomics-barnacle/random_state_44/rank_05",
      "has_loss_history": true
    },
    {
      "rank": 8,
      "success": true,
      "metrics": {
        "mse": 0.9597616194414691,
        "rmse": 0.9796742414912567,
        "relative_error": 0.7987586367278866,
        "variance_explained": 0.36088864012025956,
        "gene_sparsity": 0.10813851120023477,
        "sample_sparsity": 0.48214285714285715,
        "time_sparsity": 0.03125,
        "weight_max": 1.0,
        "weight_min": 1.0,
        "weight_ratio": 1.0,
        "weight_cv": 0.0,
        "converged": 1.0,
        "n_iterations": 354.0,
        "final_loss": 1105496.5419755229
      },
      "output_dir": "../output/13.00-multiomics-barnacle/random_state_44/rank_08",
      "has_loss_history": true
    },
    {
      "rank": 10,
      "success": true,
      "metrics": {
        "mse": 0.8807122953054733,
        "rmse": 0.9384627298435848,
        "relative_error": 0.7651576197091255,
        "variance_explained": 0.4135405540864242,
        "gene_sparsity": 0.11531839968698034,
        "sample_sparsity": 0.4035714285714286,
        "time_sparsity": 0.0,
        "weight_max": 1.0,
        "weight_min": 1.0,
        "weight_ratio": 1.0,
        "weight_cv": 0.0,
        "converged": 1.0,
        "n_iterations": 399.0,
        "final_loss": 1014997.2257899476
      },
      "output_dir": "../output/13.00-multiomics-barnacle/random_state_44/rank_10",
      "has_loss_history": true
    },
    {
      "rank": 12,
      "success": true,
      "metrics": {
        "mse": 0.8037317926002767,
        "rmse": 0.8965108993204024,
        "relative_error": 0.7309529978687791,
        "variance_explained": 0.4647975877011997,
        "gene_sparsity": 0.10658156444618344,
        "sample_sparsity": 0.46130952380952384,
        "time_sparsity": 0.0,
        "weight_max": 1.0,
        "weight_min": 1.0,
        "weight_ratio": 1.0,
        "weight_cv": 0.0,
        "converged": 1.0,
        "n_iterations": 452.0,
        "final_loss": 927944.9039329884
      },
      "output_dir": "../output/13.00-multiomics-barnacle/random_state_44/rank_12",
      "has_loss_history": true
    },
    {
      "rank": 15,
      "success": true,
      "metrics": {
        "mse": 0.7259182075684383,
        "rmse": 0.8520083377341082,
        "relative_error": 0.6946686862904142,
        "variance_explained": 0.5166112246448005,
        "gene_sparsity": 0.1414653232906192,
        "sample_sparsity": 0.4666666666666667,
        "time_sparsity": 0.016666666666666666,
        "weight_max": 1.0,
        "weight_min": 1.0,
        "weight_ratio": 1.0,
        "weight_cv": 0.0,
        "converged": 1.0,
        "n_iterations": 948.0,
        "final_loss": 838152.0711454558
      },
      "output_dir": "../output/13.00-multiomics-barnacle/random_state_44/rank_15",
      "has_loss_history": true
    },
    {
      "rank": 20,
      "success": true,
      "metrics": {
        "mse": 0.6031754104969331,
        "rmse": 0.7766436830985836,
        "relative_error": 0.6332215580057037,
        "variance_explained": 0.5983393705492999,
        "gene_sparsity": 0.15185855424043823,
        "sample_sparsity": 0.49464285714285716,
        "time_sparsity": 0.0,
        "weight_max": 1.0,
        "weight_min": 1.0,
        "weight_ratio": 1.0,
        "weight_cv": 0.0,
        "converged": 1.0,
        "n_iterations": 742.0,
        "final_loss": 697777.2317287542
      },
      "output_dir": "../output/13.00-multiomics-barnacle/random_state_44/rank_20",
      "has_loss_history": true
    },
    {
      "rank": 25,
      "success": true,
      "metrics": {
        "mse": 0.5110182615695379,
        "rmse": 0.7148554130518547,
        "relative_error": 0.5828436749726934,
        "variance_explained": 0.6597078740744164,
        "gene_sparsity": 0.1707952655776191,
        "sample_sparsity": 0.48857142857142855,
        "time_sparsity": 0.0,
        "weight_max": 1.0,
        "weight_min": 1.0,
        "weight_ratio": 1.0,
        "weight_cv": 0.0,
        "converged": 1.0,
        "n_iterations": 1288.0,
        "final_loss": 594564.6646171286
      },
      "output_dir": "../output/13.00-multiomics-barnacle/random_state_44/rank_25",
      "has_loss_history": true
    },
    {
      "rank": 35,
      "success": true,
      "metrics": {
        "mse": 0.3714207989830825,
        "rmse": 0.609443023574052,
        "relative_error": 0.49689770135461453,
        "variance_explained": 0.7526665674501937,
        "gene_sparsity": 0.26936459803524265,
        "sample_sparsity": 0.5214285714285715,
        "time_sparsity": 0.0,
        "weight_max": 1.0,
        "weight_min": 1.0,
        "weight_ratio": 1.0,
        "weight_cv": 0.0,
        "converged": 1.0,
        "n_iterations": 1659.0,
        "final_loss": 433591.997853472
      },
      "output_dir": "../output/13.00-multiomics-barnacle/random_state_44/rank_35",
      "has_loss_history": true
    },
    {
      "rank": 45,
      "success": true,
      "metrics": {
        "mse": 0.27132458116252695,
        "rmse": 0.5208882616862536,
        "relative_error": 0.42469627164917545,
        "variance_explained": 0.8193227947631401,
        "gene_sparsity": 0.3645896507874401,
        "sample_sparsity": 0.5365079365079365,
        "time_sparsity": 0.0,
        "weight_max": 1.0,
        "weight_min": 1.0,
        "weight_ratio": 1.0,
        "weight_cv": 0.0,
        "converged": 1.0,
        "n_iterations": 2098.0,
        "final_loss": 319677.8818075841
      },
      "output_dir": "../output/13.00-multiomics-barnacle/random_state_44/rank_45",
      "has_loss_history": true
    },
    {
      "rank": 55,
      "success": true,
      "metrics": {
        "mse": 0.1925406775904024,
        "rmse": 0.43879457333745864,
        "relative_error": 0.35776275455513357,
        "variance_explained": 0.8717852249595835,
        "gene_sparsity": 0.5161374085173361,
        "sample_sparsity": 0.535064935064935,
        "time_sparsity": 0.0,
        "weight_max": 1.0,
        "weight_min": 1.0,
        "weight_ratio": 1.0,
        "weight_cv": 0.0,
        "converged": 1.0,
        "n_iterations": 3293.0,
        "final_loss": 228572.49319394692
      },
      "output_dir": "../output/13.00-multiomics-barnacle/random_state_44/rank_55",
      "has_loss_history": true
    },
    {
      "rank": 65,
      "success": true,
      "metrics": {
        "mse": 0.13869520779921232,
        "rmse": 0.3724180551466488,
        "relative_error": 0.30364393124083466,
        "variance_explained": 0.9076417203437693,
        "gene_sparsity": 0.6201039887433314,
        "sample_sparsity": 0.5384615384615384,
        "time_sparsity": 0.0038461538461538464,
        "weight_max": 1.0,
        "weight_min": 1.0,
        "weight_ratio": 1.0,
        "weight_cv": 0.0,
        "converged": 1.0,
        "n_iterations": 4360.0,
        "final_loss": 166435.50666121356
      },
      "output_dir": "../output/13.00-multiomics-barnacle/random_state_44/rank_65",
      "has_loss_history": true
    },
    {
      "rank": 75,
      "success": true,