{
  "timestamp": "2025-12-03T21:24:42.176488Z",
  "tensor_shape": [
    9800,
    30,
    4
  ],
  "n_components": 35,
  "model_converged": false,
  "final_loss": 272697.34729155985
}