{
  "rank": 40,
  "metrics": {
    "mse": 0.3223071454518091,
    "rmse": 0.5677210102258055,
    "relative_error": 0.46288045654795357,
    "variance_explained": 0.7853711568468859,
    "gene_sparsity": 0.07711043724933972,
    "sample_sparsity": 0.04732142857142857,
    "time_sparsity": 0.04375,
    "weight_max": 1.0,
    "weight_min": 1.0,
    "weight_ratio": 1.0,
    "weight_cv": 0.0,
    "converged": true,
    "n_iterations": 1520.0,
    "final_loss": 369033.94617081713
  },
  "tensor_shape": [
    10223,
    28,
    4
  ]
}