{
  "timestamp": "2025-11-05T05:04:26.899343Z",
  "tensor_shape": [
    9800,
    30,
    4
  ],
  "n_components": 35,
  "model_converged": false,
  "final_loss": 177200.95728369872
}