{
  "rank": 55,
  "metrics": {
    "mse": 0.19457454831874343,
    "rmse": 0.4411060511019356,
    "relative_error": 0.3596473736966658,
    "variance_explained": 0.8704304832872134,
    "gene_sparsity": 0.3518216499337501,
    "sample_sparsity": 0.5181818181818182,
    "time_sparsity": 0.0,
    "weight_max": 1.0,
    "weight_min": 1.0,
    "weight_ratio": 1.0,
    "weight_cv": 0.0,
    "converged": true,
    "n_iterations": 4050.0,
    "final_loss": 233252.44819592385
  },
  "tensor_shape": [
    10223,
    28,
    4
  ]
}