{
  "timestamp": "2025-10-09T05:19:50.730789Z",
  "tensor_shape": [
    10223,
    30,
    4
  ],
  "n_components": 12,
  "rank": 12,
  "model_converged": false,
  "final_loss": 587541.0157147003
}