{
  "timestamp": "2025-11-25T17:44:04.306079Z",
  "tensor_shape": [
    9800,
    30,
    4
  ],
  "n_components": 35,
  "model_converged": false,
  "final_loss": 221599.8234739767
}