{
  "rank": 10,
  "metrics": {
    "mse": 0.8807122953054733,
    "rmse": 0.9384627298435848,
    "relative_error": 0.7651576197091255,
    "variance_explained": 0.4135405540864242,
    "gene_sparsity": 0.11531839968698034,
    "sample_sparsity": 0.4035714285714286,
    "time_sparsity": 0.0,
    "weight_max": 1.0,
    "weight_min": 1.0,
    "weight_ratio": 1.0,
    "weight_cv": 0.0,
    "converged": true,
    "n_iterations": 399.0,
    "final_loss": 1014997.2257899476
  },
  "tensor_shape": [
    10223,
    28,
    4
  ]
}