{
  "rank": 45,
  "metrics": {
    "mse": 0.26665673017141794,
    "rmse": 0.5163881584345423,
    "relative_error": 0.4210271986183279,
    "variance_explained": 0.8224298208006615,
    "gene_sparsity": 0.32747290966991643,
    "sample_sparsity": 0.5198412698412699,
    "time_sparsity": 0.005555555555555556,
    "weight_max": 1.0,
    "weight_min": 1.0,
    "weight_ratio": 1.0,
    "weight_cv": 0.0,
    "converged": true,
    "n_iterations": 2594.0,
    "final_loss": 314501.27778701246
  },
  "tensor_shape": [
    10223,
    28,
    4
  ]
}