{
  "timestamp": "2025-11-05T01:59:27.494278Z",
  "tensor_shape": [
    9800,
    30,
    4
  ],
  "n_components": 35,
  "model_converged": false,
  "final_loss": 170404.6689598211
}