{
  "rank": 45,
  "metrics": {
    "mse": 0.2710287669578443,
    "rmse": 0.5206042325585187,
    "relative_error": 0.42446469393767494,
    "variance_explained": 0.8195187959941267,
    "gene_sparsity": 0.4210853522014629,
    "sample_sparsity": 0.553968253968254,
    "time_sparsity": 0.0,
    "weight_max": 1.0,
    "weight_min": 1.0,
    "weight_ratio": 1.0,
    "weight_cv": 0.0,
    "converged": true,
    "n_iterations": 2351.0,
    "final_loss": 318200.55115255964
  },
  "tensor_shape": [
    10223,
    28,
    4
  ]
}