{
  "rank": 5,
  "metrics": {
    "mse": 1.1004782991081188,
    "rmse": 1.0490368435417885,
    "relative_error": 0.8553121063479984,
    "variance_explained": 0.2676498201534545,
    "gene_sparsity": 0.18534676709380807,
    "sample_sparsity": 0.4642857142857143,
    "time_sparsity": 0.0,
    "weight_max": 1.0,
    "weight_min": 1.0,
    "weight_ratio": 1.0,
    "weight_cv": 0.0,
    "converged": true,
    "n_iterations": 335.0,
    "final_loss": 1264442.2812709138
  },
  "tensor_shape": [
    10223,
    28,
    4
  ]
}