{
  "rank": 12,
  "fms_result": {
    "fms": 0.8398497627527737,
    "correlation": 0.6796995255055475,
    "mse": 0.8079974324222097,
    "rmse": 0.8988867739722337,
    "mae": 0.62400772589011,
    "r_squared": 0.4619405890013607,
    "success": true,
    "method": "reconstruction_correlation",
    "valid_elements": 1144976
  },
  "summary": {
    "rank": 12,
    "fms": 0.8398497627527737,
    "correlation": 0.6796995255055475,
    "mse": 0.8079974324222097,
    "rmse": 0.8988867739722337,
    "mae": 0.62400772589011,
    "r_squared": 0.4619405890013607,
    "success": true,
    "method": "reconstruction_correlation",
    "valid_elements": 1144976
  }
}