{
  "rank": 12,
  "metrics": {
    "mse": 0.8079974324222097,
    "rmse": 0.8988867739722337,
    "relative_error": 0.7328901217795237,
    "variance_explained": 0.46198171595125204,
    "gene_sparsity": 0.12395252535133196,
    "sample_sparsity": 0.5535714285714286,
    "time_sparsity": 0.0,
    "weight_max": 1.0,
    "weight_min": 1.0,
    "weight_ratio": 1.0,
    "weight_cv": 0.0,
    "converged": true,
    "n_iterations": 477.0,
    "final_loss": 932051.8992902903
  },
  "tensor_shape": [
    10223,
    28,
    4
  ]
}