{
  "rank": 55,
  "metrics": {
    "mse": 0.1925406775904024,
    "rmse": 0.43879457333745864,
    "relative_error": 0.35776275455513357,
    "variance_explained": 0.8717852249595835,
    "gene_sparsity": 0.5161374085173361,
    "sample_sparsity": 0.535064935064935,
    "time_sparsity": 0.0,
    "weight_max": 1.0,
    "weight_min": 1.0,
    "weight_ratio": 1.0,
    "weight_cv": 0.0,
    "converged": true,
    "n_iterations": 3293.0,
    "final_loss": 228572.49319394692
  },
  "tensor_shape": [
    10223,
    28,
    4
  ]
}