{
  "timestamp": "2025-11-03T20:14:39.895763Z",
  "tensor_shape": [
    9800,
    30,
    4
  ],
  "n_components": 35,
  "model_converged": false,
  "final_loss": 184599.92929360352
}