{
  "rank": 20,
  "metrics": {
    "mse": 0.6052862598577785,
    "rmse": 0.7780014523494018,
    "relative_error": 0.6343285891695771,
    "variance_explained": 0.5969407665676336,
    "gene_sparsity": 0.17677296292673383,
    "sample_sparsity": 0.4928571428571429,
    "time_sparsity": 0.0,
    "weight_max": 1.0,
    "weight_min": 1.0,
    "weight_ratio": 1.0,
    "weight_cv": 0.0,
    "converged": true,
    "n_iterations": 1084.0,
    "final_loss": 701319.0459749202
  },
  "tensor_shape": [
    10223,
    28,
    4
  ]
}