{
  "timestamp": "2025-10-12T01:28:29.768832Z",
  "tensor_shape": [
    10223,
    30,
    4
  ],
  "n_components": 5,
  "model_converged": false,
  "final_loss": 769177.9467928777
}