{
  "rank": 25,
  "metrics": {
    "mse": 0.5110182615695379,
    "rmse": 0.7148554130518547,
    "relative_error": 0.5828436749726934,
    "variance_explained": 0.6597078740744164,
    "gene_sparsity": 0.1707952655776191,
    "sample_sparsity": 0.48857142857142855,
    "time_sparsity": 0.0,
    "weight_max": 1.0,
    "weight_min": 1.0,
    "weight_ratio": 1.0,
    "weight_cv": 0.0,
    "converged": true,
    "n_iterations": 1288.0,
    "final_loss": 594564.6646171286
  },
  "tensor_shape": [
    10223,
    28,
    4
  ]
}