"ortho_id","module","MM","GS","MM_p","GS_p","accession","id","protein_name","label"
"OG_02473","tan",0.745890111565786,0.201957737428083,5.00924379811932e-22,0.0289912640232034,"Q8K078","SO4A1_MOUSE","Solute carrier organic anion transporter family member 4A1 (Organic anion-transporting polypeptide E) (OATP-E) (Sodium-independent organic anion transporter E) (Solute carrier family 21 member 12)","SO4A1_MOUSE"
"OG_03948","tan",0.713671558086717,0.0261818724088987,1.71469411755932e-19,0.779318183226184,"Q92667","AKAP1_HUMAN","A-kinase anchor protein 1, mitochondrial (A-kinase anchor protein 149 kDa) (AKAP 149) (Dual specificity A-kinase-anchoring protein 1) (D-AKAP-1) (Protein kinase A-anchoring protein 1) (PRKA1) (Spermatid A-kinase anchor protein 84) (S-AKAP84)","AKAP1_HUMAN"
"OG_04252","tan",0.715586848195251,0.0504885532506835,1.23980302823139e-19,0.588784211322915,"P77952",NA,NA,"OG_04252"
"OG_04747","tan",0.796271233960007,0.071954097884658,7.31752844419459e-27,0.440738790810327,"P07228",NA,NA,"OG_04747"
"OG_05347","tan",0.749340986403855,0.0557164727433238,2.54500253263754e-22,0.550735105631213,"P30874","SSR2_HUMAN","Somatostatin receptor type 2 (SS-2-R) (SS2-R) (SS2R) (SST2) (SRIF-1)","SSR2_HUMAN"
"OG_06330","tan",0.745925909971234,0.110022494724699,4.9744576717626e-22,0.237647747989309,NA,NA,NA,"OG_06330"
"OG_06627","tan",0.785919902561159,0.0398003845811476,9.18757182441767e-26,0.670068739445784,"Q19425",NA,NA,"OG_06627"
