"ortho_id","module","MM","GS","MM_p","GS_p","accession","id","protein_name","label"
"OG_04027","purple",0.778579768382676,0.196421415154425,5.08366241262933e-25,0.0337929358614543,"P60467",NA,NA,"OG_04027"
"OG_05285","purple",0.771549763839801,0.202710794212591,2.46394002672177e-24,0.0283852464814726,"Q176V0",NA,NA,"OG_05285"
"OG_06848","purple",0.824318186277968,0.0426516858141553,3.45059091604575e-30,0.64795637589761,NA,NA,NA,"OG_06848"
"OG_06914","purple",0.819039984128437,0.140849777130195,1.61238567807583e-29,0.129841404424441,"P14408","FUMH_RAT","Fumarate hydratase, mitochondrial (Fumarase) (EC 4.2.1.2)","FUMH_RAT"
"OG_08409","purple",0.731069637094898,0.138944067640202,8.14495541084903e-21,0.135167628781571,"Q5ZK10","NSF1C_CHICK","NSFL1 cofactor p47 (p97 cofactor p47)","NSF1C_CHICK"
"OG_10004","purple",0.732828653942822,0.0531979637344164,5.90699646520034e-21,0.568915488081916,"P35441","TSP1_MOUSE","Thrombospondin-1 (Glycoprotein G)","TSP1_MOUSE"
"OG_10081","purple",0.807374629528185,0.0118416633482771,4.10116368761443e-28,0.899164880312537,"Q32P51","RA1L2_HUMAN","Heterogeneous nuclear ribonucleoprotein A1-like 2 (hnRNP A1-like 2) (hnRNP core protein A1-like 2)","RA1L2_HUMAN"
