"ortho_id","module","MM","GS","MM_p","GS_p","accession","id","protein_name","label"
"OG_00187","salmon",0.47228999746366,0.300628260682582,7.61534773108985e-08,0.00098980540922349,"P47937","NK3R_MOUSE","Neuromedin-K receptor (NKR) (NK-3 receptor) (NK-3R) (Neurokinin B receptor) (Tachykinin receptor 3)","NK3R_MOUSE"
"OG_00260","salmon",0.531697929906937,0.291775646907935,6.8980002116519e-10,0.00141338477952684,NA,NA,NA,"OG_00260"
"OG_00269","salmon",0.494314575943504,0.289351912829738,1.47696389505285e-08,0.00155515854936455,NA,NA,NA,"OG_00269"
"OG_00408","salmon",0.481434231872442,0.276084872646317,3.90860166407956e-08,0.00258644132060849,NA,NA,NA,"OG_00408"
"OG_07152","salmon",0.529249586033856,0.257765967007728,8.52874754570291e-10,0.00501906594371094,NA,NA,NA,"OG_07152"
