"ortho_id","module","MM","GS","MM_p","GS_p","accession","id","protein_name","label"
"OG_01868","cyan",0.389582949772934,0.0765201315678068,1.41480673944544e-05,0.412211345025246,"Q3UFK8",NA,NA,"OG_01868"
"OG_01895","cyan",0.450955548615914,0.0193071765044134,3.35391274755052e-07,0.836309711897789,NA,NA,NA,"OG_01895"
"OG_03250","cyan",0.564952550422712,0.183786778617464,3.24128296611028e-11,0.0473066996981286,"A1Z6E0","GUS_DROME","Protein gustavus","GUS_DROME"
"OG_05949","cyan",0.435679718802365,0.0432234565313649,9.12827557678146e-07,0.643558063726885,NA,NA,NA,"OG_05949"
"OG_06782","cyan",0.416522681221225,0.14569409345639,2.99605557735363e-06,0.117026344570224,"Q96PN7","TREF1_HUMAN","Transcriptional-regulating factor 1 (Breast cancer anti-estrogen resistance 2) (Transcriptional-regulating protein 132) (Zinc finger protein rapa) (Zinc finger transcription factor TReP-132)","TREF1_HUMAN"
