{
  "rank": 8,
  "metrics": {
    "mse": 0.9564110885797688,
    "rmse": 0.9779627235123887,
    "relative_error": 0.7973631833111927,
    "variance_explained": 0.363113709599442,
    "gene_sparsity": 0.13533209429717305,
    "sample_sparsity": 0.4642857142857143,
    "time_sparsity": 0.0,
    "weight_max": 1.0,
    "weight_min": 1.0,
    "weight_ratio": 1.0,
    "weight_cv": 0.0,
    "converged": true,
    "n_iterations": 376.0,
    "final_loss": 1100648.0945366095
  },
  "tensor_shape": [
    10223,
    28,
    4
  ]
}