{
  "rank": 45,
  "metrics": {
    "mse": 0.26747357139418704,
    "rmse": 0.5171784715107417,
    "relative_error": 0.4216715652542947,
    "variance_explained": 0.8218858247884113,
    "gene_sparsity": 0.38693142913039225,
    "sample_sparsity": 0.5412698412698412,
    "time_sparsity": 0.005555555555555556,
    "weight_max": 1.0,
    "weight_min": 1.0,
    "weight_ratio": 1.0,
    "weight_cv": 0.0,
    "converged": true,
    "n_iterations": 2957.0,
    "final_loss": 314820.478795418
  },
  "tensor_shape": [
    10223,
    28,
    4
  ]
}