{
  "rank": 35,
  "metrics": {
    "mse": 0.3714207989830825,
    "rmse": 0.609443023574052,
    "relative_error": 0.49689770135461453,
    "variance_explained": 0.7526665674501937,
    "gene_sparsity": 0.26936459803524265,
    "sample_sparsity": 0.5214285714285715,
    "time_sparsity": 0.0,
    "weight_max": 1.0,
    "weight_min": 1.0,
    "weight_ratio": 1.0,
    "weight_cv": 0.0,
    "converged": true,
    "n_iterations": 1659.0,
    "final_loss": 433591.997853472
  },
  "tensor_shape": [
    10223,
    28,
    4
  ]
}