{
  "rank": 35,
  "metrics": {
    "mse": 0.3776332387758351,
    "rmse": 0.6145187049845067,
    "relative_error": 0.5010360610176274,
    "variance_explained": 0.7485310228280652,
    "gene_sparsity": 0.0889003786978941,
    "sample_sparsity": 0.03877551020408163,
    "time_sparsity": 0.04285714285714286,
    "weight_max": 1.0,
    "weight_min": 1.0,
    "weight_ratio": 1.0,
    "weight_cv": 0.0,
    "converged": true,
    "n_iterations": 1568.0,
    "final_loss": 432380.99520062096
  },
  "tensor_shape": [
    10223,
    28,
    4
  ]
}