{
  "rank": 65,
  "fms_result": {
    "fms": 0.9761337045368206,
    "correlation": 0.952267409073641,
    "mse": 0.1399430812721617,
    "rmse": 0.37408967009550226,
    "mae": 0.2691813835825474,
    "r_squared": 0.9068094911429272,
    "success": true,
    "method": "reconstruction_correlation",
    "valid_elements": 1144976
  },
  "summary": {
    "rank": 65,
    "fms": 0.9761337045368206,
    "correlation": 0.952267409073641,
    "mse": 0.1399430812721617,
    "rmse": 0.37408967009550226,
    "mae": 0.2691813835825474,
    "r_squared": 0.9068094911429272,
    "success": true,
    "method": "reconstruction_correlation",
    "valid_elements": 1144976
  }
}