{
  "rank": 65,
  "tlviz_fms": {
    "fms": 1.0,
    "permutation": [
      "0",
      "1",
      "2",
      "3",
      "4",
      "5",
      "6",
      "7",
      "8",
      "9",
      "10",
      "11",
      "12",
      "13",
      "14",
      "15",
      "16",
      "17",
      "18",
      "19",
      "20",
      "21",
      "22",
      "23",
      "24",
      "25",
      "26",
      "27",
      "28",
      "29",
      "30",
      "31",
      "32",
      "33",
      "34",
      "35",
      "36",
      "37",
      "38",
      "39",
      "40",
      "41",
      "42",
      "43",
      "44",
      "45",
      "46",
      "47",
      "48",
      "49",
      "50",
      "51",
      "52",
      "53",
      "54",
      "55",
      "56",
      "57",
      "58",
      "59",
      "60",
      "61",
      "62",
      "63",
      "64"
    ],
    "success": true,
    "method": "tlviz_self_consistency",
    "warning": "Self-comparison: FMS \u2248 1.0 expected (not useful for rank selection)"
  },
  "reconstruction_fms": {
    "fms": 0.9761337045368206,
    "correlation": 0.952267409073641,
    "success": true,
    "method": "reconstruction_correlation",
    "valid_elements": 1144976
  },
  "synthetic_fms": {
    "fms": 0.5135898807563987,
    "permutation": [
      "14",
      "25",
      "57",
      "49",
      "13",
      "37",
      "6",
      "18",
      "40",
      "51",
      "0",
      "24",
      "54",
      "15",
      "27",
      "36",
      "21",
      "31",
      "4",
      "12",
      "64",
      "48",
      "56",
      "38",
      "7",
      "8",
      "26",
      "43",
      "33",
      "9",
      "45",
      "32",
      "17",
      "61",
      "58",
      "29",
      "39",
      "5",
      "47",
      "42",
      "53",
      "28",
      "50",
      "52",
      "22",
      "20",
      "35",
      "11",
      "41",
      "19",
      "3",
      "10",
      "63",
      "62",
      "60",
      "55",
      "23",
      "1",
      "44",
      "46",
      "30",
      "59",
      "34",
      "16",
      "2"
    ],
    "success": true,
    "method": "synthetic_validation",
    "noise_level": 0.1,
    "recovery_quality": "fair"
  },
  "summary": {
    "rank": 65,
    "fms_tlviz": 1.0,
    "fms_reconstruction": 0.9761337045368206,
    "fms_synthetic": 0.5135898807563987,
    "reconstruction_correlation": 0.952267409073641,
    "tlviz_success": true,
    "reconstruction_success": true,
    "synthetic_success": true,
    "tlviz_method": "tlviz_self_consistency",
    "reconstruction_method": "reconstruction_correlation",
    "synthetic_method": "synthetic_validation",
    "valid_elements": 1144976
  }
}