{
  "rank": 5,
  "metrics": {
    "mse": 1.0953596567803792,
    "rmse": 1.0465943133709352,
    "relative_error": 0.8533206361359534,
    "variance_explained": 0.27061488262482003,
    "gene_sparsity": 0.1463953829599922,
    "sample_sparsity": 0.38571428571428573,
    "time_sparsity": 0.0,
    "weight_max": 1.0,
    "weight_min": 1.0,
    "weight_ratio": 1.0,
    "weight_cv": 0.0,
    "converged": true,
    "n_iterations": 482.0,
    "final_loss": 1258066.958004562
  },
  "tensor_shape": [
    10223,
    28,
    4
  ]
}