{
  "rank": 15,
  "metrics": {
    "mse": 0.7191018522688689,
    "rmse": 0.8479987336481517,
    "relative_error": 0.6913995323636537,
    "variance_explained": 0.5211493508495639,
    "gene_sparsity": 0.1739411131761714,
    "sample_sparsity": 0.49047619047619045,
    "time_sparsity": 0.0,
    "weight_max": 1.0,
    "weight_min": 1.0,
    "weight_ratio": 1.0,
    "weight_cv": 0.0,
    "converged": true,
    "n_iterations": 892.0,
    "final_loss": 829910.129413982
  },
  "tensor_shape": [
    10223,
    28,
    4
  ]
}