{
  "timestamp": "2025-11-04T21:31:27.546670Z",
  "tensor_shape": [
    9800,
    30,
    4
  ],
  "n_components": 35,
  "model_converged": false,
  "final_loss": 170263.2775119695
}