{
  "timestamp": "2025-11-05T05:16:20.035377Z",
  "tensor_shape": [
    9800,
    30,
    4
  ],
  "n_components": 35,
  "model_converged": false,
  "final_loss": 213641.68605372007
}