{
  "rank": 20,
  "metrics": {
    "mse": 0.6031754104969331,
    "rmse": 0.7766436830985836,
    "relative_error": 0.6332215580057037,
    "variance_explained": 0.5983393705492999,
    "gene_sparsity": 0.15185855424043823,
    "sample_sparsity": 0.49464285714285716,
    "time_sparsity": 0.0,
    "weight_max": 1.0,
    "weight_min": 1.0,
    "weight_ratio": 1.0,
    "weight_cv": 0.0,
    "converged": true,
    "n_iterations": 742.0,
    "final_loss": 697777.2317287542
  },
  "tensor_shape": [
    10223,
    28,
    4
  ]
}