{
  "rank": 20,
  "metrics": {
    "mse": 0.6086015289476794,
    "rmse": 0.7801291745266802,
    "relative_error": 0.6360633867111265,
    "variance_explained": 0.5947331527577403,
    "gene_sparsity": 0.14319182236134206,
    "sample_sparsity": 0.48392857142857143,
    "time_sparsity": 0.0,
    "weight_max": 1.0,
    "weight_min": 1.0,
    "weight_ratio": 1.0,
    "weight_cv": 0.0,
    "converged": true,
    "n_iterations": 870.0,
    "final_loss": 704790.3305997427
  },
  "tensor_shape": [
    10223,
    28,
    4
  ]
}