{
  "rank": 5,
  "metrics": {
    "mse": 1.103092017857571,
    "rmse": 1.050281875430387,
    "relative_error": 0.8563272192619663,
    "variance_explained": 0.26620590890838625,
    "gene_sparsity": 0.17605399589161694,
    "sample_sparsity": 0.4714285714285714,
    "time_sparsity": 0.0,
    "weight_max": 1.0,
    "weight_min": 1.0,
    "weight_ratio": 1.0,
    "weight_cv": 0.0,
    "converged": true,
    "n_iterations": 183.0,
    "final_loss": 1267250.9750600187
  },
  "tensor_shape": [
    10223,
    28,
    4
  ]
}