{
  "timestamp": "2025-10-26T19:22:35.667875Z",
  "tensor_shape": [
    9800,
    30,
    4
  ],
  "n_components": 5,
  "model_converged": false,
  "final_loss": 578001.3692816315
}