OG,max_val
OG_00082,1.0055857456716837
OG_06046,1.0882105276285186
OG_10157,1.2973526025211852
