{
  "timestamp": "2025-11-25T18:42:54.447929Z",
  "tensor_shape": [
    9800,
    30,
    4
  ],
  "n_components": 35,
  "model_converged": false,
  "final_loss": 325555.83690593985
}