{
  "rank": 45,
  "fms_result": {
    "fms": 0.9532906169748658,
    "correlation": 0.9065812339497316,
    "mse": 0.26747357139418704,
    "rmse": 0.5171784715107417,
    "mae": 0.3706432836571487,
    "r_squared": 0.8218847405855905,
    "success": true,
    "method": "reconstruction_correlation",
    "valid_elements": 1144976
  },
  "summary": {
    "rank": 45,
    "fms": 0.9532906169748658,
    "correlation": 0.9065812339497316,
    "mse": 0.26747357139418704,
    "rmse": 0.5171784715107417,
    "mae": 0.3706432836571487,
    "r_squared": 0.8218847405855905,
    "success": true,
    "method": "reconstruction_correlation",
    "valid_elements": 1144976
  }
}