{
  "timestamp": "2025-12-03T23:10:52.882573Z",
  "tensor_shape": [
    9800,
    30,
    4
  ],
  "n_components": 35,
  "model_converged": false,
  "final_loss": 325555.83690593985
}