{
  "timestamp": "2025-11-25T19:22:28.631923Z",
  "tensor_shape": [
    9800,
    30,
    4
  ],
  "n_components": 35,
  "model_converged": false,
  "final_loss": 605065.3114068268
}