{
  "timestamp": "2025-11-25T19:01:43.300478Z",
  "tensor_shape": [
    9800,
    30,
    4
  ],
  "n_components": 35,
  "model_converged": false,
  "final_loss": 470296.7116210646
}