{
  "rank": 15,
  "metrics": {
    "mse": 0.7259182075684383,
    "rmse": 0.8520083377341082,
    "relative_error": 0.6946686862904142,
    "variance_explained": 0.5166112246448005,
    "gene_sparsity": 0.1414653232906192,
    "sample_sparsity": 0.4666666666666667,
    "time_sparsity": 0.016666666666666666,
    "weight_max": 1.0,
    "weight_min": 1.0,
    "weight_ratio": 1.0,
    "weight_cv": 0.0,
    "converged": true,
    "n_iterations": 948.0,
    "final_loss": 838152.0711454558
  },
  "tensor_shape": [
    10223,
    28,
    4
  ]
}