{
  "rank": 55,
  "metrics": {
    "mse": 0.19347168110002363,
    "rmse": 0.439854158898178,
    "relative_error": 0.358626667356075,
    "variance_explained": 0.871164579775901,
    "gene_sparsity": 0.5539754386276934,
    "sample_sparsity": 0.5240259740259741,
    "time_sparsity": 0.0,
    "weight_max": 1.0,
    "weight_min": 1.0,
    "weight_ratio": 1.0,
    "weight_cv": 0.0,
    "converged": true,
    "n_iterations": 3223.0,
    "final_loss": 229032.9486692822
  },
  "tensor_shape": [
    10223,
    28,
    4
  ]
}