{
  "rank": 20,
  "metrics": {
    "mse": 0.6002819111012808,
    "rmse": 0.7747786207048313,
    "relative_error": 0.6317009150899745,
    "variance_explained": 0.6002671619427171,
    "gene_sparsity": 0.17492419055071898,
    "sample_sparsity": 0.5375,
    "time_sparsity": 0.0,
    "weight_max": 1.0,
    "weight_min": 1.0,
    "weight_ratio": 1.0,
    "weight_cv": 0.0,
    "converged": true,
    "n_iterations": 735.0,
    "final_loss": 694506.3692057377
  },
  "tensor_shape": [
    10223,
    28,
    4
  ]
}