{
  "rank": 12,
  "metrics": {
    "mse": 0.8143136561822248,
    "rmse": 0.9023932935157624,
    "relative_error": 0.7357490953562761,
    "variance_explained": 0.45777342457925274,
    "gene_sparsity": 0.1479099416348756,
    "sample_sparsity": 0.4494047619047619,
    "time_sparsity": 0.0,
    "weight_max": 1.0,
    "weight_min": 1.0,
    "weight_ratio": 1.0,
    "weight_cv": 0.0,
    "converged": true,
    "n_iterations": 770.0,
    "final_loss": 939315.6856142763
  },
  "tensor_shape": [
    10223,
    28,
    4
  ]
}