{
  "rank": 12,
  "metrics": {
    "mse": 0.8081305895204305,
    "rmse": 0.8989608387023489,
    "relative_error": 0.732950509039238,
    "variance_explained": 0.46185992147402155,
    "gene_sparsity": 0.09446835566859044,
    "sample_sparsity": 0.49107142857142855,
    "time_sparsity": 0.0,
    "weight_max": 1.0,
    "weight_min": 1.0,
    "weight_ratio": 1.0,
    "weight_cv": 0.0,
    "converged": true,
    "n_iterations": 558.0,
    "final_loss": 934100.0079834741
  },
  "tensor_shape": [
    10223,
    28,
    4
  ]
}