{
  "timestamp": "2025-12-03T20:20:30.583514Z",
  "tensor_shape": [
    9800,
    30,
    4
  ],
  "n_components": 35,
  "model_converged": false,
  "final_loss": 249503.87505162007
}