{
  "rank": 10,
  "metrics": {
    "mse": 0.8808764594744745,
    "rmse": 0.9385501901733729,
    "relative_error": 0.7652289288145714,
    "variance_explained": 0.4134380882127676,
    "gene_sparsity": 0.06780788418272522,
    "sample_sparsity": 0.05714285714285714,
    "time_sparsity": 0.05,
    "weight_max": 1.0,
    "weight_min": 1.0,
    "weight_ratio": 1.0,
    "weight_cv": 0.0,
    "converged": true,
    "n_iterations": 501.0,
    "final_loss": 1008582.405063275
  },
  "tensor_shape": [
    10223,
    28,
    4
  ]
}