{
  "rank": 15,
  "metrics": {
    "mse": 0.7230280949681714,
    "rmse": 0.8503105873550978,
    "relative_error": 0.6932844580226803,
    "variance_explained": 0.5185327380366445,
    "gene_sparsity": 0.10636799373960677,
    "sample_sparsity": 0.4238095238095238,
    "time_sparsity": 0.0,
    "weight_max": 1.0,
    "weight_min": 1.0,
    "weight_ratio": 1.0,
    "weight_cv": 0.0,
    "converged": true,
    "n_iterations": 1053.0,
    "final_loss": 836981.5621195894
  },
  "tensor_shape": [
    10223,
    28,
    4
  ]
}