{
  "rank": 35,
  "fms_result": {
    "fms": 0.9340537043068096,
    "correlation": 0.8681074086136191,
    "mse": 0.37001176307941214,
    "rmse": 0.6082859221446869,
    "mae": 0.4347109088136971,
    "r_squared": 0.7536027921422339,
    "success": true,
    "method": "reconstruction_correlation",
    "valid_elements": 1144976
  },
  "summary": {
    "rank": 35,
    "fms": 0.9340537043068096,
    "correlation": 0.8681074086136191,
    "mse": 0.37001176307941214,
    "rmse": 0.6082859221446869,
    "mae": 0.4347109088136971,
    "r_squared": 0.7536027921422339,
    "success": true,
    "method": "reconstruction_correlation",
    "valid_elements": 1144976
  }
}