{
  "rank": 10,
  "metrics": {
    "mse": 0.8765220094899289,
    "rmse": 0.9362275415143099,
    "relative_error": 0.7633352016980074,
    "variance_explained": 0.41635319207422816,
    "gene_sparsity": 0.10864716815024944,
    "sample_sparsity": 0.4857142857142857,
    "time_sparsity": 0.0,
    "weight_max": 1.0,
    "weight_min": 1.0,
    "weight_ratio": 1.0,
    "weight_cv": 0.0,
    "converged": true,
    "n_iterations": 387.0,
    "final_loss": 1010772.1368016278
  },
  "tensor_shape": [
    10223,
    28,
    4
  ]
}