{
  "rank": 10,
  "metrics": {
    "mse": 0.8816746069089729,
    "rmse": 0.938975296218688,
    "relative_error": 0.7655755308898732,
    "variance_explained": 0.4128894065779749,
    "gene_sparsity": 0.11755844663992956,
    "sample_sparsity": 0.43214285714285716,
    "time_sparsity": 0.025,
    "weight_max": 1.0,
    "weight_min": 1.0,
    "weight_ratio": 1.0,
    "weight_cv": 0.0,
    "converged": true,
    "n_iterations": 685.0,
    "final_loss": 1017736.6999546151
  },
  "tensor_shape": [
    10223,
    28,
    4
  ]
}