{
  "rank": 35,
  "metrics": {
    "mse": 0.37001176307941197,
    "rmse": 0.6082859221446868,
    "relative_error": 0.49595428085713517,
    "variance_explained": 0.7536058167841648,
    "gene_sparsity": 0.24158410307290284,
    "sample_sparsity": 0.4969387755102041,
    "time_sparsity": 0.0,
    "weight_max": 1.0,
    "weight_min": 1.0,
    "weight_ratio": 1.0,
    "weight_cv": 0.0,
    "converged": true,
    "n_iterations": 1640.0,
    "final_loss": 432963.58963211556
  },
  "tensor_shape": [
    10223,
    28,
    4
  ]
}