{
  "timestamp": "2025-11-25T19:34:48.405747Z",
  "tensor_shape": [
    9800,
    30,
    4
  ],
  "n_components": 35,
  "model_converged": false,
  "final_loss": 2363162.086851896
}