{
  "timestamp": "2025-10-09T05:00:03.009303Z",
  "tensor_shape": [
    10223,
    30,
    4
  ],
  "n_components": 10,
  "rank": 10,
  "model_converged": false,
  "final_loss": 634014.2751745528
}