{
  "rank": 65,
  "metrics": {
    "mse": 0.13867730587343732,
    "rmse": 0.37239401965315894,
    "relative_error": 0.30362433436138236,
    "variance_explained": 0.9076535568396025,
    "gene_sparsity": 0.6524413276247376,
    "sample_sparsity": 0.5324175824175824,
    "time_sparsity": 0.0038461538461538464,
    "weight_max": 1.0,
    "weight_min": 1.0,
    "weight_ratio": 1.0,
    "weight_cv": 0.0,
    "converged": true,
    "n_iterations": 3771.0,
    "final_loss": 166705.5885549004
  },
  "tensor_shape": [
    10223,
    28,
    4
  ]
}