{
  "rank": 65,
  "metrics": {
    "mse": 0.13869520779921232,
    "rmse": 0.3724180551466488,
    "relative_error": 0.30364393124083466,
    "variance_explained": 0.9076417203437693,
    "gene_sparsity": 0.6201039887433314,
    "sample_sparsity": 0.5384615384615384,
    "time_sparsity": 0.0038461538461538464,
    "weight_max": 1.0,
    "weight_min": 1.0,
    "weight_ratio": 1.0,
    "weight_cv": 0.0,
    "converged": true,
    "n_iterations": 4360.0,
    "final_loss": 166435.50666121356
  },
  "tensor_shape": [
    10223,
    28,
    4
  ]
}