{
  "timestamp": "2025-11-04T20:57:55.751541Z",
  "tensor_shape": [
    9800,
    30,
    4
  ],
  "n_components": 35,
  "model_converged": false,
  "final_loss": 173039.9813083875
}