{
  "rank": 10,
  "fms_result": {
    "fms": 0.822531822429506,
    "correlation": 0.6450636448590118,
    "mse": 0.8768762163031306,
    "rmse": 0.9364166894620848,
    "mae": 0.6506615767378843,
    "r_squared": 0.4160730201228682,
    "success": true,
    "method": "reconstruction_correlation",
    "valid_elements": 1144976
  },
  "summary": {
    "rank": 10,
    "fms": 0.822531822429506,
    "correlation": 0.6450636448590118,
    "mse": 0.8768762163031306,
    "rmse": 0.9364166894620848,
    "mae": 0.6506615767378843,
    "r_squared": 0.4160730201228682,
    "success": true,
    "method": "reconstruction_correlation",
    "valid_elements": 1144976
  }
}