{
  "rank": 10,
  "metrics": {
    "mse": 0.8768762163031308,
    "rmse": 0.936416689462085,
    "relative_error": 0.7634894198559482,
    "variance_explained": 0.4160981234605683,
    "gene_sparsity": 0.10651472170595716,
    "sample_sparsity": 0.4928571428571429,
    "time_sparsity": 0.025,
    "weight_max": 1.0,
    "weight_min": 1.0,
    "weight_ratio": 1.0,
    "weight_cv": 0.0,
    "converged": true,
    "n_iterations": 343.0,
    "final_loss": 1011288.896433278
  },
  "tensor_shape": [
    10223,
    28,
    4
  ]
}