{
  "rank": 20,
  "fms_result": {
    "fms": 0.8863112185197538,
    "correlation": 0.7726224370395076,
    "mse": 0.6052862598577788,
    "rmse": 0.778001452349402,
    "mae": 0.5495910777292918,
    "r_squared": 0.5969294512628284,
    "success": true,
    "method": "reconstruction_correlation",
    "valid_elements": 1144976
  },
  "summary": {
    "rank": 20,
    "fms": 0.8863112185197538,
    "correlation": 0.7726224370395076,
    "mse": 0.6052862598577788,
    "rmse": 0.778001452349402,
    "mae": 0.5495910777292918,
    "r_squared": 0.5969294512628284,
    "success": true,
    "method": "reconstruction_correlation",
    "valid_elements": 1144976
  }
}